"vpu_id";"vm_id";"resource_type";"resource_name";"uri";"pstatus";"inserted_by";"inserted_date";"updated_by";"updated_date"
1;1;"cpu";"host51";"/api/device/18/performance_data/6003/normalized_daily?duration=30d";"1";"host51";"2025-06-08 00:00:00";"host51";"2025-06-08 00:00:00"
2;2;"cpu";"host52";"/api/device/18/performance_data/5943/normalized_daily?duration=30d";"1";"host52";"2025-06-08 00:00:00";"host52";"2025-06-08 00:00:00"
3;3;"cpu";"host53";"/api/device/18/vitals/fs5196894/normalized_daily?duration=30d";"1";"host53";"2025-06-08 00:00:00";"host53";"2025-06-08 00:00:00"
4;4;"cpu";"host54";"/api/device/18/vitals/fs5196897/normalized_daily?duration=30d";"1";"host54";"2025-06-08 00:00:00";"host54";"2025-06-08 00:00:00"
5;5;"cpu";"host55";"/api/device/18/vitals/fs5196907/normalized_daily?duration=30d";"1";"host55";"2025-06-08 00:00:00";"host55";"2025-06-08 00:00:00"
6;6;"cpu";"host56";"/api/device/18/vitals/fs5196926/normalized_daily?duration=30d";"1";"host56";"2025-06-08 00:00:00";"host56";"2025-06-08 00:00:00"
7;7;"cpu";"host57";"/api/device/18/vitals/fs5196930/normalized_daily?duration=30d";"1";"host57";"2025-06-08 00:00:00";"host57";"2025-06-08 00:00:00"
8;8;"cpu";"host58";"/api/device/18/vitals/fs5196937/normalized_daily?duration=30d";"1";"host58";"2025-06-08 00:00:00";"host58";"2025-06-08 00:00:00"
9;9;"cpu";"host59";"/api/device/18/vitals/fs5196939/normalized_daily?duration=30d";"1";"host59";"2025-06-08 00:00:00";"host59";"2025-06-08 00:00:00"
10;10;"cpu";"host60";"/api/device/18/vitals/fs5196942/normalized_daily?duration=30d";"1";"host60";"2025-06-08 00:00:00";"host60";"2025-06-08 00:00:00"
11;11;"cpu";"host61";"/api/device/18/vitals/fs5196947/normalized_daily?duration=30d";"1";"host61";"2025-06-08 00:00:00";"host61";"2025-06-08 00:00:00"
12;12;"cpu";"host62";"/api/device/18/vitals/fs5196950/normalized_daily?duration=30d";"1";"host62";"2025-06-08 00:00:00";"host62";"2025-06-08 00:00:00"
13;13;"cpu";"host63";"/api/device/18/vitals/fs5196951/normalized_daily?duration=30d";"1";"host63";"2025-06-08 00:00:00";"host63";"2025-06-08 00:00:00"
14;14;"cpu";"host64";"/api/device/18/vitals/fs5196953/normalized_daily?duration=30d";"1";"host64";"2025-06-08 00:00:00";"host64";"2025-06-08 00:00:00"
15;15;"cpu";"host65";"/api/device/18/vitals/fs5196957/normalized_daily?duration=30d";"1";"host65";"2025-06-08 00:00:00";"host65";"2025-06-08 00:00:00"
16;16;"cpu";"host66";"/api/device/18/vitals/fs5196959/normalized_daily?duration=30d";"1";"host66";"2025-06-09 00:00:00";"host66";"2025-06-09 00:00:00"
17;17;"cpu";"host67";"/api/device/18/vitals/fs5196960/normalized_daily?duration=30d";"1";"host67";"2025-06-09 00:00:00";"host67";"2025-06-09 00:00:00"
18;18;"cpu";"host68";"/api/device/18/vitals/fs16274645/normalized_daily?duration=30d";"1";"host68";"2025-06-09 00:00:00";"host68";"2025-06-09 00:00:00"
19;19;"cpu";"host69";"/api/device/18/vitals/fs16274646/normalized_daily?duration=30d";"1";"host69";"2025-06-09 00:00:00";"host69";"2025-06-09 00:00:00"
20;20;"cpu";"host70";"/api/device/43/performance_data/6003/normalized_daily?duration=30d";"1";"host70";"2025-06-09 00:00:00";"host70";"2025-06-09 00:00:00"
21;21;"cpu";"host71";"/api/device/43/performance_data/5943/normalized_daily?duration=30d";"1";"host71";"2025-06-09 00:00:00";"host71";"2025-06-09 00:00:00"
22;22;"cpu";"host72";"/api/device/43/vitals/fs5195224/normalized_daily?duration=30d";"1";"host72";"2025-06-09 00:00:00";"host72";"2025-06-09 00:00:00"
23;23;"cpu";"host73";"/api/device/43/vitals/fs5195228/normalized_daily?duration=30d";"1";"host73";"2025-06-09 00:00:00";"host73";"2025-06-09 00:00:00"
24;24;"cpu";"host74";"/api/device/43/vitals/fs5195237/normalized_daily?duration=30d";"1";"host74";"2025-06-09 00:00:00";"host74";"2025-06-09 00:00:00"
25;25;"cpu";"host75";"/api/device/43/vitals/fs5195240/normalized_daily?duration=30d";"1";"host75";"2025-06-09 00:00:00";"host75";"2025-06-09 00:00:00"
26;26;"cpu";"host76";"/api/device/43/vitals/fs5195253/normalized_daily?duration=30d";"1";"host76";"2025-06-09 00:00:00";"host76";"2025-06-09 00:00:00"
27;27;"cpu";"host77";"/api/device/43/vitals/fs5195262/normalized_daily?duration=30d";"1";"host77";"2025-06-09 00:00:00";"host77";"2025-06-09 00:00:00"
28;28;"cpu";"host78";"/api/device/43/vitals/fs5195266/normalized_daily?duration=30d";"1";"host78";"2025-06-09 00:00:00";"host78";"2025-06-09 00:00:00"
29;29;"cpu";"host79";"/api/device/43/vitals/fs5195277/normalized_daily?duration=30d";"1";"host79";"2025-06-09 00:00:00";"host79";"2025-06-09 00:00:00"
30;30;"cpu";"host80";"/api/device/43/vitals/fs5195287/normalized_daily?duration=30d";"1";"host80";"2025-06-09 00:00:00";"host80";"2025-06-09 00:00:00"
31;31;"cpu";"host81";"/api/device/43/vitals/fs6815688/normalized_daily?duration=30d";"1";"host81";"2025-06-10 00:00:00";"host81";"2025-06-10 00:00:00"
32;32;"cpu";"host82";"/api/device/43/vitals/fs17911037/normalized_daily?duration=30d";"1";"host82";"2025-06-10 00:00:00";"host82";"2025-06-10 00:00:00"
33;33;"cpu";"host83";"/api/device/43/vitals/fs17911038/normalized_daily?duration=30d";"1";"host83";"2025-06-10 00:00:00";"host83";"2025-06-10 00:00:00"
34;34;"cpu";"host84";"/api/device/43/vitals/fs17911039/normalized_daily?duration=30d";"1";"host84";"2025-06-10 00:00:00";"host84";"2025-06-10 00:00:00"
35;35;"cpu";"host85";"/api/device/43/vitals/fs17911042/normalized_daily?duration=30d";"1";"host85";"2025-06-10 00:00:00";"host85";"2025-06-10 00:00:00"
36;36;"cpu";"host86";"/api/device/153/performance_data/6003/normalized_daily?duration=30d";"1";"host86";"2025-06-10 00:00:00";"host86";"2025-06-10 00:00:00"
37;37;"cpu";"host87";"/api/device/153/performance_data/5943/normalized_daily?duration=30d";"1";"host87";"2025-06-10 00:00:00";"host87";"2025-06-10 00:00:00"
38;38;"cpu";"host88";"/api/device/153/vitals/fs5199322/normalized_daily?duration=30d";"1";"host88";"2025-06-10 00:00:00";"host88";"2025-06-10 00:00:00"
39;39;"cpu";"host89";"/api/device/153/vitals/fs5199332/normalized_daily?duration=30d";"1";"host89";"2025-06-10 00:00:00";"host89";"2025-06-10 00:00:00"
40;40;"cpu";"host90";"/api/device/153/vitals/fs5199366/normalized_daily?duration=30d";"1";"host90";"2025-06-10 00:00:00";"host90";"2025-06-10 00:00:00"
41;41;"cpu";"host91";"/api/device/153/vitals/fs5199371/normalized_daily?duration=30d";"1";"host91";"2025-06-10 00:00:00";"host91";"2025-06-10 00:00:00"
42;42;"cpu";"host92";"/api/device/153/vitals/fs5199407/normalized_daily?duration=30d";"1";"host92";"2025-06-10 00:00:00";"host92";"2025-06-10 00:00:00"
43;43;"cpu";"host93";"/api/device/153/vitals/fs5199418/normalized_daily?duration=30d";"1";"host93";"2025-06-10 00:00:00";"host93";"2025-06-10 00:00:00"
44;44;"cpu";"host94";"/api/device/153/vitals/fs5199447/normalized_daily?duration=30d";"1";"host94";"2025-06-10 00:00:00";"host94";"2025-06-10 00:00:00"
45;45;"cpu";"host95";"/api/device/153/vitals/fs5199458/normalized_daily?duration=30d";"1";"host95";"2025-06-10 00:00:00";"host95";"2025-06-10 00:00:00"
46;46;"cpu";"host96";"/api/device/153/vitals/fs5199462/normalized_daily?duration=30d";"1";"host96";"2025-06-11 00:00:00";"host96";"2025-06-11 00:00:00"
47;47;"cpu";"host97";"/api/device/153/vitals/fs5199464/normalized_daily?duration=30d";"1";"host97";"2025-06-11 00:00:00";"host97";"2025-06-11 00:00:00"
48;48;"cpu";"host98";"/api/device/153/vitals/fs6888581/normalized_daily?duration=30d";"1";"host98";"2025-06-11 00:00:00";"host98";"2025-06-11 00:00:00"
49;49;"cpu";"host99";"/api/device/153/vitals/fs7457259/normalized_daily?duration=30d";"1";"host99";"2025-06-11 00:00:00";"host99";"2025-06-11 00:00:00"
50;50;"cpu";"host100";"/api/device/153/vitals/fs10449316/normalized_daily?duration=30d";"1";"host100";"2025-06-11 00:00:00";"host100";"2025-06-11 00:00:00"
51;51;"cpu";"host101";"/api/device/153/vitals/fs10977083/normalized_daily?duration=30d";"1";"host101";"2025-06-11 00:00:00";"host101";"2025-06-11 00:00:00"
52;52;"cpu";"host102";"/api/device/153/vitals/fs16317088/normalized_daily?duration=30d";"1";"host102";"2025-06-11 00:00:00";"host102";"2025-06-11 00:00:00"
53;53;"cpu";"host103";"/api/device/153/vitals/fs16317089/normalized_daily?duration=30d";"1";"host103";"2025-06-11 00:00:00";"host103";"2025-06-11 00:00:00"
54;54;"cpu";"host104";"/api/device/153/vitals/fs18403542/normalized_daily?duration=30d";"1";"host104";"2025-06-11 00:00:00";"host104";"2025-06-11 00:00:00"
55;55;"cpu";"host105";"/api/device/155/performance_data/6003/normalized_daily?duration=30d";"1";"host105";"2025-06-11 00:00:00";"host105";"2025-06-11 00:00:00"
56;56;"cpu";"host106";"/api/device/155/performance_data/5943/normalized_daily?duration=30d";"1";"host106";"2025-06-11 00:00:00";"host106";"2025-06-11 00:00:00"
57;57;"cpu";"host107";"/api/device/155/vitals/fs6796772/normalized_daily?duration=30d";"1";"host107";"2025-06-11 00:00:00";"host107";"2025-06-11 00:00:00"
58;58;"cpu";"host108";"/api/device/155/vitals/fs6796773/normalized_daily?duration=30d";"1";"host108";"2025-06-11 00:00:00";"host108";"2025-06-11 00:00:00"
59;59;"cpu";"host109";"/api/device/155/vitals/fs6796776/normalized_daily?duration=30d";"1";"host109";"2025-06-11 00:00:00";"host109";"2025-06-11 00:00:00"
60;60;"cpu";"host110";"/api/device/155/vitals/fs6796777/normalized_daily?duration=30d";"1";"host110";"2025-06-11 00:00:00";"host110";"2025-06-11 00:00:00"
61;61;"cpu";"host111";"/api/device/155/vitals/fs6796779/normalized_daily?duration=30d";"1";"host111";"2025-06-12 00:00:00";"host111";"2025-06-12 00:00:00"
62;62;"cpu";"host112";"/api/device/155/vitals/fs6796780/normalized_daily?duration=30d";"1";"host112";"2025-06-12 00:00:00";"host112";"2025-06-12 00:00:00"
63;63;"cpu";"host113";"/api/device/155/vitals/fs6796781/normalized_daily?duration=30d";"1";"host113";"2025-06-12 00:00:00";"host113";"2025-06-12 00:00:00"
64;64;"cpu";"host114";"/api/device/155/vitals/fs6796783/normalized_daily?duration=30d";"1";"host114";"2025-06-12 00:00:00";"host114";"2025-06-12 00:00:00"
65;65;"cpu";"host115";"/api/device/155/vitals/fs6796784/normalized_daily?duration=30d";"1";"host115";"2025-06-12 00:00:00";"host115";"2025-06-12 00:00:00"
66;66;"cpu";"host116";"/api/device/155/vitals/fs6796786/normalized_daily?duration=30d";"1";"host116";"2025-06-12 00:00:00";"host116";"2025-06-12 00:00:00"
67;67;"cpu";"host117";"/api/device/155/vitals/fs6796787/normalized_daily?duration=30d";"1";"host117";"2025-06-12 00:00:00";"host117";"2025-06-12 00:00:00"
68;68;"cpu";"host118";"/api/device/155/vitals/fs6796789/normalized_daily?duration=30d";"1";"host118";"2025-06-12 00:00:00";"host118";"2025-06-12 00:00:00"
69;69;"cpu";"host119";"/api/device/155/vitals/fs6796791/normalized_daily?duration=30d";"1";"host119";"2025-06-12 00:00:00";"host119";"2025-06-12 00:00:00"
70;70;"cpu";"host120";"/api/device/155/vitals/fs6796792/normalized_daily?duration=30d";"1";"host120";"2025-06-12 00:00:00";"host120";"2025-06-12 00:00:00"
71;71;"cpu";"host121";"/api/device/155/vitals/fs6796793/normalized_daily?duration=30d";"1";"host121";"2025-06-12 00:00:00";"host121";"2025-06-12 00:00:00"
72;72;"cpu";"host122";"/api/device/155/vitals/fs6796795/normalized_daily?duration=30d";"1";"host122";"2025-06-12 00:00:00";"host122";"2025-06-12 00:00:00"
73;73;"cpu";"host123";"/api/device/155/vitals/fs6796797/normalized_daily?duration=30d";"1";"host123";"2025-06-12 00:00:00";"host123";"2025-06-12 00:00:00"
74;74;"cpu";"host124";"/api/device/155/vitals/fs6883428/normalized_daily?duration=30d";"1";"host124";"2025-06-12 00:00:00";"host124";"2025-06-12 00:00:00"
75;75;"cpu";"host125";"/api/device/155/vitals/fs16178618/normalized_daily?duration=30d";"1";"host125";"2025-06-12 00:00:00";"host125";"2025-06-12 00:00:00"
76;76;"cpu";"host126";"/api/device/155/vitals/fs16178619/normalized_daily?duration=30d";"1";"host126";"2025-06-13 00:00:00";"host126";"2025-06-13 00:00:00"
77;77;"cpu";"host127";"/api/device/166/performance_data/6003/normalized_daily?duration=30d";"1";"host127";"2025-06-13 00:00:00";"host127";"2025-06-13 00:00:00"
78;78;"cpu";"host128";"/api/device/166/performance_data/5943/normalized_daily?duration=30d";"1";"host128";"2025-06-13 00:00:00";"host128";"2025-06-13 00:00:00"
79;79;"cpu";"host129";"/api/device/166/vitals/fs6785795/normalized_daily?duration=30d";"1";"host129";"2025-06-13 00:00:00";"host129";"2025-06-13 00:00:00"
80;80;"cpu";"host130";"/api/device/166/vitals/fs6785798/normalized_daily?duration=30d";"1";"host130";"2025-06-13 00:00:00";"host130";"2025-06-13 00:00:00"
81;81;"cpu";"host131";"/api/device/166/vitals/fs6785799/normalized_daily?duration=30d";"1";"host131";"2025-06-13 00:00:00";"host131";"2025-06-13 00:00:00"
82;82;"cpu";"host132";"/api/device/166/vitals/fs6785800/normalized_daily?duration=30d";"1";"host132";"2025-06-13 00:00:00";"host132";"2025-06-13 00:00:00"
83;83;"cpu";"host133";"/api/device/166/vitals/fs6785801/normalized_daily?duration=30d";"1";"host133";"2025-06-13 00:00:00";"host133";"2025-06-13 00:00:00"
84;84;"cpu";"host134";"/api/device/166/vitals/fs6785802/normalized_daily?duration=30d";"1";"host134";"2025-06-13 00:00:00";"host134";"2025-06-13 00:00:00"
85;85;"cpu";"host135";"/api/device/166/vitals/fs6785803/normalized_daily?duration=30d";"1";"host135";"2025-06-13 00:00:00";"host135";"2025-06-13 00:00:00"
86;86;"cpu";"host136";"/api/device/166/vitals/fs6785804/normalized_daily?duration=30d";"1";"host136";"2025-06-13 00:00:00";"host136";"2025-06-13 00:00:00"
87;87;"cpu";"host137";"/api/device/166/vitals/fs6785805/normalized_daily?duration=30d";"1";"host137";"2025-06-13 00:00:00";"host137";"2025-06-13 00:00:00"
88;88;"cpu";"host138";"/api/device/166/vitals/fs6785808/normalized_daily?duration=30d";"1";"host138";"2025-06-13 00:00:00";"host138";"2025-06-13 00:00:00"
89;89;"cpu";"host139";"/api/device/166/vitals/fs6785809/normalized_daily?duration=30d";"1";"host139";"2025-06-13 00:00:00";"host139";"2025-06-13 00:00:00"
90;90;"cpu";"host140";"/api/device/166/vitals/fs6785810/normalized_daily?duration=30d";"1";"host140";"2025-06-13 00:00:00";"host140";"2025-06-13 00:00:00"
91;91;"cpu";"host141";"/api/device/166/vitals/fs6785812/normalized_daily?duration=30d";"1";"host141";"2025-06-14 00:00:00";"host141";"2025-06-14 00:00:00"
92;92;"cpu";"host142";"/api/device/166/vitals/fs6785814/normalized_daily?duration=30d";"1";"host142";"2025-06-14 00:00:00";"host142";"2025-06-14 00:00:00"
93;93;"cpu";"host143";"/api/device/166/vitals/fs6785815/normalized_daily?duration=30d";"1";"host143";"2025-06-14 00:00:00";"host143";"2025-06-14 00:00:00"
94;94;"cpu";"host144";"/api/device/166/vitals/fs6785816/normalized_daily?duration=30d";"1";"host144";"2025-06-14 00:00:00";"host144";"2025-06-14 00:00:00"
95;95;"cpu";"host145";"/api/device/166/vitals/fs6785817/normalized_daily?duration=30d";"1";"host145";"2025-06-14 00:00:00";"host145";"2025-06-14 00:00:00"
96;96;"cpu";"host146";"/api/device/166/vitals/fs7004223/normalized_daily?duration=30d";"1";"host146";"2025-06-14 00:00:00";"host146";"2025-06-14 00:00:00"
97;97;"cpu";"host147";"/api/device/166/vitals/fs7004224/normalized_daily?duration=30d";"1";"host147";"2025-06-14 00:00:00";"host147";"2025-06-14 00:00:00"
98;98;"cpu";"host148";"/api/device/166/vitals/fs16277933/normalized_daily?duration=30d";"1";"host148";"2025-06-14 00:00:00";"host148";"2025-06-14 00:00:00"
99;99;"cpu";"host149";"/api/device/166/vitals/fs16277937/normalized_daily?duration=30d";"1";"host149";"2025-06-14 00:00:00";"host149";"2025-06-14 00:00:00"
100;100;"cpu";"host150";"/api/device/181/performance_data/6003/normalized_daily?duration=30d";"1";"host150";"2025-06-14 00:00:00";"host150";"2025-06-14 00:00:00"
101;101;"cpu";"host151";"/api/device/181/performance_data/5943/normalized_daily?duration=30d";"1";"host151";"2025-06-14 00:00:00";"host151";"2025-06-14 00:00:00"
102;102;"cpu";"host152";"/api/device/181/vitals/fs5199957/normalized_daily?duration=30d";"1";"host152";"2025-06-14 00:00:00";"host152";"2025-06-14 00:00:00"
103;103;"cpu";"host153";"/api/device/181/vitals/fs5199964/normalized_daily?duration=30d";"1";"host153";"2025-06-14 00:00:00";"host153";"2025-06-14 00:00:00"
104;104;"cpu";"host154";"/api/device/181/vitals/fs5199970/normalized_daily?duration=30d";"1";"host154";"2025-06-14 00:00:00";"host154";"2025-06-14 00:00:00"
105;105;"cpu";"host155";"/api/device/181/vitals/fs5199974/normalized_daily?duration=30d";"1";"host155";"2025-06-14 00:00:00";"host155";"2025-06-14 00:00:00"
106;106;"cpu";"host156";"/api/device/181/vitals/fs5199977/normalized_daily?duration=30d";"1";"host156";"2025-06-15 00:00:00";"host156";"2025-06-15 00:00:00"
107;107;"cpu";"host157";"/api/device/181/vitals/fs5199982/normalized_daily?duration=30d";"1";"host157";"2025-06-15 00:00:00";"host157";"2025-06-15 00:00:00"
108;108;"cpu";"host158";"/api/device/181/vitals/fs5199986/normalized_daily?duration=30d";"1";"host158";"2025-06-15 00:00:00";"host158";"2025-06-15 00:00:00"
109;109;"cpu";"host159";"/api/device/181/vitals/fs5199989/normalized_daily?duration=30d";"1";"host159";"2025-06-15 00:00:00";"host159";"2025-06-15 00:00:00"
110;110;"cpu";"host160";"/api/device/181/vitals/fs5199991/normalized_daily?duration=30d";"1";"host160";"2025-06-15 00:00:00";"host160";"2025-06-15 00:00:00"
111;111;"cpu";"host161";"/api/device/181/vitals/fs5200010/normalized_daily?duration=30d";"1";"host161";"2025-06-15 00:00:00";"host161";"2025-06-15 00:00:00"
112;112;"cpu";"host162";"/api/device/181/vitals/fs5200018/normalized_daily?duration=30d";"1";"host162";"2025-06-15 00:00:00";"host162";"2025-06-15 00:00:00"
113;113;"cpu";"host163";"/api/device/181/vitals/fs5200027/normalized_daily?duration=30d";"1";"host163";"2025-06-15 00:00:00";"host163";"2025-06-15 00:00:00"
114;114;"cpu";"host164";"/api/device/181/vitals/fs5200028/normalized_daily?duration=30d";"1";"host164";"2025-06-15 00:00:00";"host164";"2025-06-15 00:00:00"
115;115;"cpu";"host165";"/api/device/181/vitals/fs5200044/normalized_daily?duration=30d";"1";"host165";"2025-06-15 00:00:00";"host165";"2025-06-15 00:00:00"
116;116;"cpu";"host166";"/api/device/181/vitals/fs16302764/normalized_daily?duration=30d";"1";"host166";"2025-06-15 00:00:00";"host166";"2025-06-15 00:00:00"
117;117;"cpu";"host167";"/api/device/181/vitals/fs16302765/normalized_daily?duration=30d";"1";"host167";"2025-06-15 00:00:00";"host167";"2025-06-15 00:00:00"
118;118;"cpu";"host168";"/api/device/190/performance_data/6003/normalized_daily?duration=30d";"1";"host168";"2025-06-15 00:00:00";"host168";"2025-06-15 00:00:00"
119;119;"cpu";"host169";"/api/device/190/performance_data/5943/normalized_daily?duration=30d";"1";"host169";"2025-06-15 00:00:00";"host169";"2025-06-15 00:00:00"
120;120;"cpu";"host170";"/api/device/190/vitals/fs5199748/normalized_daily?duration=30d";"1";"host170";"2025-06-15 00:00:00";"host170";"2025-06-15 00:00:00"
121;121;"cpu";"host171";"/api/device/190/vitals/fs5199760/normalized_daily?duration=30d";"1";"host171";"2025-06-16 00:00:00";"host171";"2025-06-16 00:00:00"
122;122;"cpu";"host172";"/api/device/190/vitals/fs5199775/normalized_daily?duration=30d";"1";"host172";"2025-06-16 00:00:00";"host172";"2025-06-16 00:00:00"
123;123;"cpu";"host173";"/api/device/190/vitals/fs5199783/normalized_daily?duration=30d";"1";"host173";"2025-06-16 00:00:00";"host173";"2025-06-16 00:00:00"
124;124;"cpu";"host174";"/api/device/190/vitals/fs5199790/normalized_daily?duration=30d";"1";"host174";"2025-06-16 00:00:00";"host174";"2025-06-16 00:00:00"
125;125;"cpu";"host175";"/api/device/190/vitals/fs5199809/normalized_daily?duration=30d";"1";"host175";"2025-06-16 00:00:00";"host175";"2025-06-16 00:00:00"
126;126;"cpu";"host176";"/api/device/190/vitals/fs5199830/normalized_daily?duration=30d";"1";"host176";"2025-06-16 00:00:00";"host176";"2025-06-16 00:00:00"
127;127;"cpu";"host177";"/api/device/190/vitals/fs5199839/normalized_daily?duration=30d";"1";"host177";"2025-06-16 00:00:00";"host177";"2025-06-16 00:00:00"
128;128;"cpu";"host178";"/api/device/190/vitals/fs5199849/normalized_daily?duration=30d";"1";"host178";"2025-06-16 00:00:00";"host178";"2025-06-16 00:00:00"
129;129;"cpu";"host179";"/api/device/190/vitals/fs5199865/normalized_daily?duration=30d";"1";"host179";"2025-06-16 00:00:00";"host179";"2025-06-16 00:00:00"
130;130;"cpu";"host180";"/api/device/190/vitals/fs5199874/normalized_daily?duration=30d";"1";"host180";"2025-06-16 00:00:00";"host180";"2025-06-16 00:00:00"
131;131;"cpu";"host181";"/api/device/190/vitals/fs5199877/normalized_daily?duration=30d";"1";"host181";"2025-06-16 00:00:00";"host181";"2025-06-16 00:00:00"
132;132;"cpu";"host182";"/api/device/190/vitals/fs7187977/normalized_daily?duration=30d";"1";"host182";"2025-06-16 00:00:00";"host182";"2025-06-16 00:00:00"
133;133;"cpu";"host183";"/api/device/190/vitals/fs7187978/normalized_daily?duration=30d";"1";"host183";"2025-06-16 00:00:00";"host183";"2025-06-16 00:00:00"
134;134;"cpu";"host184";"/api/device/190/vitals/fs16426565/normalized_daily?duration=30d";"1";"host184";"2025-06-16 00:00:00";"host184";"2025-06-16 00:00:00"
135;135;"cpu";"host185";"/api/device/190/vitals/fs18396187/normalized_daily?duration=30d";"1";"host185";"2025-06-16 00:00:00";"host185";"2025-06-16 00:00:00"
136;136;"cpu";"host186";"/api/device/197/performance_data/6003/normalized_daily?duration=30d";"1";"host186";"2025-06-17 00:00:00";"host186";"2025-06-17 00:00:00"
137;137;"cpu";"host187";"/api/device/197/performance_data/5943/normalized_daily?duration=30d";"1";"host187";"2025-06-17 00:00:00";"host187";"2025-06-17 00:00:00"
138;138;"cpu";"host188";"/api/device/197/vitals/fs5218809/normalized_daily?duration=30d";"1";"host188";"2025-06-17 00:00:00";"host188";"2025-06-17 00:00:00"
139;139;"cpu";"host189";"/api/device/197/vitals/fs5218810/normalized_daily?duration=30d";"1";"host189";"2025-06-17 00:00:00";"host189";"2025-06-17 00:00:00"
140;140;"cpu";"host190";"/api/device/197/vitals/fs5218812/normalized_daily?duration=30d";"1";"host190";"2025-06-17 00:00:00";"host190";"2025-06-17 00:00:00"
141;141;"cpu";"host191";"/api/device/197/vitals/fs5218813/normalized_daily?duration=30d";"1";"host191";"2025-06-17 00:00:00";"host191";"2025-06-17 00:00:00"
142;142;"cpu";"host192";"/api/device/197/vitals/fs5218814/normalized_daily?duration=30d";"1";"host192";"2025-06-17 00:00:00";"host192";"2025-06-17 00:00:00"
143;143;"cpu";"host193";"/api/device/197/vitals/fs5218815/normalized_daily?duration=30d";"1";"host193";"2025-06-17 00:00:00";"host193";"2025-06-17 00:00:00"
144;144;"cpu";"host194";"/api/device/197/vitals/fs5218816/normalized_daily?duration=30d";"1";"host194";"2025-06-17 00:00:00";"host194";"2025-06-17 00:00:00"
145;145;"cpu";"host195";"/api/device/197/vitals/fs5218817/normalized_daily?duration=30d";"1";"host195";"2025-06-17 00:00:00";"host195";"2025-06-17 00:00:00"
146;146;"cpu";"host196";"/api/device/197/vitals/fs5218821/normalized_daily?duration=30d";"1";"host196";"2025-06-17 00:00:00";"host196";"2025-06-17 00:00:00"
147;147;"cpu";"host197";"/api/device/197/vitals/fs5218822/normalized_daily?duration=30d";"1";"host197";"2025-06-17 00:00:00";"host197";"2025-06-17 00:00:00"
148;148;"cpu";"host198";"/api/device/197/vitals/fs5218823/normalized_daily?duration=30d";"1";"host198";"2025-06-17 00:00:00";"host198";"2025-06-17 00:00:00"
149;149;"cpu";"host199";"/api/device/197/vitals/fs5218825/normalized_daily?duration=30d";"1";"host199";"2025-06-17 00:00:00";"host199";"2025-06-17 00:00:00"
150;150;"cpu";"host200";"/api/device/197/vitals/fs5218826/normalized_daily?duration=30d";"1";"host200";"2025-06-17 00:00:00";"host200";"2025-06-17 00:00:00"
151;151;"cpu";"host201";"/api/device/197/vitals/fs16302838/normalized_daily?duration=30d";"1";"host201";"2025-06-18 00:00:00";"host201";"2025-06-18 00:00:00"
152;152;"cpu";"host202";"/api/device/197/vitals/fs16302839/normalized_daily?duration=30d";"1";"host202";"2025-06-18 00:00:00";"host202";"2025-06-18 00:00:00"
153;153;"cpu";"host203";"/api/device/197/vitals/fs16429915/normalized_daily?duration=30d";"1";"host203";"2025-06-18 00:00:00";"host203";"2025-06-18 00:00:00"
154;154;"cpu";"host204";"/api/device/209/performance_data/6003/normalized_daily?duration=30d";"1";"host204";"2025-06-18 00:00:00";"host204";"2025-06-18 00:00:00"
155;155;"cpu";"host205";"/api/device/209/performance_data/5943/normalized_daily?duration=30d";"1";"host205";"2025-06-18 00:00:00";"host205";"2025-06-18 00:00:00"
156;156;"cpu";"host206";"/api/device/209/vitals/fs5648088/normalized_daily?duration=30d";"1";"host206";"2025-06-18 00:00:00";"host206";"2025-06-18 00:00:00"
157;157;"cpu";"host207";"/api/device/209/vitals/fs5648090/normalized_daily?duration=30d";"1";"host207";"2025-06-18 00:00:00";"host207";"2025-06-18 00:00:00"
158;158;"cpu";"host208";"/api/device/209/vitals/fs5648091/normalized_daily?duration=30d";"1";"host208";"2025-06-18 00:00:00";"host208";"2025-06-18 00:00:00"
159;159;"cpu";"host209";"/api/device/209/vitals/fs5648092/normalized_daily?duration=30d";"1";"host209";"2025-06-18 00:00:00";"host209";"2025-06-18 00:00:00"
160;160;"cpu";"host210";"/api/device/209/vitals/fs5648093/normalized_daily?duration=30d";"1";"host210";"2025-06-18 00:00:00";"host210";"2025-06-18 00:00:00"
161;161;"cpu";"host211";"/api/device/209/vitals/fs5648100/normalized_daily?duration=30d";"1";"host211";"2025-06-18 00:00:00";"host211";"2025-06-18 00:00:00"
162;162;"cpu";"host212";"/api/device/209/vitals/fs5648102/normalized_daily?duration=30d";"1";"host212";"2025-06-18 00:00:00";"host212";"2025-06-18 00:00:00"
163;163;"cpu";"host213";"/api/device/209/vitals/fs5648103/normalized_daily?duration=30d";"1";"host213";"2025-06-18 00:00:00";"host213";"2025-06-18 00:00:00"
164;164;"cpu";"host214";"/api/device/209/vitals/fs5648105/normalized_daily?duration=30d";"1";"host214";"2025-06-18 00:00:00";"host214";"2025-06-18 00:00:00"
165;165;"cpu";"host215";"/api/device/209/vitals/fs7187994/normalized_daily?duration=30d";"1";"host215";"2025-06-18 00:00:00";"host215";"2025-06-18 00:00:00"
166;166;"cpu";"host216";"/api/device/209/vitals/fs18218806/normalized_daily?duration=30d";"1";"host216";"2025-06-19 00:00:00";"host216";"2025-06-19 00:00:00"
167;167;"cpu";"host217";"/api/device/209/vitals/fs18218809/normalized_daily?duration=30d";"1";"host217";"2025-06-19 00:00:00";"host217";"2025-06-19 00:00:00"
168;168;"cpu";"host218";"/api/device/209/vitals/fs18218812/normalized_daily?duration=30d";"1";"host218";"2025-06-19 00:00:00";"host218";"2025-06-19 00:00:00"
169;169;"cpu";"host219";"/api/device/209/vitals/fs18366501/normalized_daily?duration=30d";"1";"host219";"2025-06-19 00:00:00";"host219";"2025-06-19 00:00:00"
170;170;"cpu";"host220";"/api/device/209/vitals/fs18366502/normalized_daily?duration=30d";"1";"host220";"2025-06-19 00:00:00";"host220";"2025-06-19 00:00:00"
171;171;"cpu";"host221";"/api/device/961/performance_data/4915/normalized_daily?duration=30d";"1";"host221";"2025-06-19 00:00:00";"host221";"2025-06-19 00:00:00"
172;172;"cpu";"host222";"/api/device/961/performance_data/4919/normalized_daily?duration=30d";"1";"host222";"2025-06-19 00:00:00";"host222";"2025-06-19 00:00:00"
173;173;"cpu";"host223";"/api/device/961/vitals/fs5295662/normalized_daily?duration=30d";"1";"host223";"2025-06-19 00:00:00";"host223";"2025-06-19 00:00:00"
174;174;"cpu";"host224";"/api/device/961/vitals/fs5295663/normalized_daily?duration=30d";"1";"host224";"2025-06-19 00:00:00";"host224";"2025-06-19 00:00:00"
175;175;"cpu";"host225";"/api/device/961/vitals/fs5295664/normalized_daily?duration=30d";"1";"host225";"2025-06-19 00:00:00";"host225";"2025-06-19 00:00:00"
176;176;"cpu";"host226";"/api/device/961/vitals/fs5295665/normalized_daily?duration=30d";"1";"host226";"2025-06-19 00:00:00";"host226";"2025-06-19 00:00:00"
177;177;"cpu";"host227";"/api/device/1345/performance_data/4915/normalized_daily?duration=30d";"1";"host227";"2025-06-19 00:00:00";"host227";"2025-06-19 00:00:00"
178;178;"cpu";"host228";"/api/device/1345/performance_data/4919/normalized_daily?duration=30d";"1";"host228";"2025-06-19 00:00:00";"host228";"2025-06-19 00:00:00"
179;179;"cpu";"host229";"/api/device/1345/vitals/fs5295780/normalized_daily?duration=30d";"1";"host229";"2025-06-19 00:00:00";"host229";"2025-06-19 00:00:00"
180;180;"cpu";"host230";"/api/device/1429/performance_data/4915/normalized_daily?duration=30d";"1";"host230";"2025-06-19 00:00:00";"host230";"2025-06-19 00:00:00"
181;181;"cpu";"host231";"/api/device/1429/performance_data/4919/normalized_daily?duration=30d";"1";"host231";"2025-06-20 00:00:00";"host231";"2025-06-20 00:00:00"
182;182;"cpu";"host232";"/api/device/1429/vitals/fs5295702/normalized_daily?duration=30d";"1";"host232";"2025-06-20 00:00:00";"host232";"2025-06-20 00:00:00"
183;183;"cpu";"host233";"/api/device/1429/vitals/fs5295703/normalized_daily?duration=30d";"1";"host233";"2025-06-20 00:00:00";"host233";"2025-06-20 00:00:00"
184;184;"cpu";"host234";"/api/device/1429/vitals/fs5295706/normalized_daily?duration=30d";"1";"host234";"2025-06-20 00:00:00";"host234";"2025-06-20 00:00:00"
185;185;"cpu";"host235";"/api/device/1429/vitals/fs5295708/normalized_daily?duration=30d";"1";"host235";"2025-06-20 00:00:00";"host235";"2025-06-20 00:00:00"
186;186;"cpu";"host236";"/api/device/1429/vitals/fs5295710/normalized_daily?duration=30d";"1";"host236";"2025-06-20 00:00:00";"host236";"2025-06-20 00:00:00"
187;187;"cpu";"host237";"/api/device/1429/vitals/fs5295712/normalized_daily?duration=30d";"1";"host237";"2025-06-20 00:00:00";"host237";"2025-06-20 00:00:00"
188;188;"cpu";"host238";"/api/device/2579/performance_data/4915/normalized_daily?duration=30d";"1";"host238";"2025-06-20 00:00:00";"host238";"2025-06-20 00:00:00"
189;189;"cpu";"host239";"/api/device/2579/performance_data/4919/normalized_daily?duration=30d";"1";"host239";"2025-06-20 00:00:00";"host239";"2025-06-20 00:00:00"
190;190;"cpu";"host240";"/api/device/2579/vitals/fs5295788/normalized_daily?duration=30d";"1";"host240";"2025-06-20 00:00:00";"host240";"2025-06-20 00:00:00"
191;191;"cpu";"host241";"/api/device/2579/vitals/fs5295789/normalized_daily?duration=30d";"1";"host241";"2025-06-20 00:00:00";"host241";"2025-06-20 00:00:00"
192;192;"cpu";"host242";"/api/device/2579/vitals/fs5295790/normalized_daily?duration=30d";"1";"host242";"2025-06-20 00:00:00";"host242";"2025-06-20 00:00:00"
193;193;"cpu";"host243";"/api/device/2579/vitals/fs5295793/normalized_daily?duration=30d";"1";"host243";"2025-06-20 00:00:00";"host243";"2025-06-20 00:00:00"
194;194;"cpu";"host244";"/api/device/4096/performance_data/4915/normalized_daily?duration=30d";"1";"host244";"2025-06-20 00:00:00";"host244";"2025-06-20 00:00:00"
195;195;"cpu";"host245";"/api/device/4096/performance_data/4919/normalized_daily?duration=30d";"1";"host245";"2025-06-21 00:00:00";"host245";"2025-06-21 00:00:00"
196;196;"cpu";"host246";"/api/device/4096/vitals/fs5295853/normalized_daily?duration=30d";"1";"host246";"2025-06-21 00:00:00";"host246";"2025-06-21 00:00:00"
197;197;"cpu";"host247";"/api/device/4096/vitals/fs5295855/normalized_daily?duration=30d";"1";"host247";"2025-06-21 00:00:00";"host247";"2025-06-21 00:00:00"
198;198;"cpu";"host248";"/api/device/4096/vitals/fs5295856/normalized_daily?duration=30d";"1";"host248";"2025-06-21 00:00:00";"host248";"2025-06-21 00:00:00"
199;199;"cpu";"host249";"/api/device/4096/vitals/fs5295857/normalized_daily?duration=30d";"1";"host249";"2025-06-21 00:00:00";"host249";"2025-06-21 00:00:00"
200;200;"cpu";"host250";"/api/device/4096/vitals/fs8986317/normalized_daily?duration=30d";"1";"host250";"2025-06-21 00:00:00";"host250";"2025-06-21 00:00:00"
201;201;"cpu";"host251";"/api/device/4096/vitals/fs8986319/normalized_daily?duration=30d";"1";"host251";"2025-06-21 00:00:00";"host251";"2025-06-21 00:00:00"
202;202;"cpu";"host252";"/api/device/4096/vitals/fs8986320/normalized_daily?duration=30d";"1";"host252";"2025-06-21 00:00:00";"host252";"2025-06-21 00:00:00"
203;203;"cpu";"host253";"/api/device/4096/vitals/fs8988899/normalized_daily?duration=30d";"1";"host253";"2025-06-21 00:00:00";"host253";"2025-06-21 00:00:00"
204;204;"cpu";"host254";"/api/device/4096/vitals/fs8988900/normalized_daily?duration=30d";"1";"host254";"2025-06-21 00:00:00";"host254";"2025-06-21 00:00:00"
205;205;"cpu";"host255";"/api/device/4096/vitals/fs8988901/normalized_daily?duration=30d";"1";"host255";"2025-06-21 00:00:00";"host255";"2025-06-21 00:00:00"
206;206;"cpu";"host256";"/api/device/4096/vitals/fs8988902/normalized_daily?duration=30d";"1";"host256";"2025-06-21 00:00:00";"host256";"2025-06-21 00:00:00"
207;207;"cpu";"host257";"/api/device/4096/vitals/fs8988903/normalized_daily?duration=30d";"1";"host257";"2025-06-21 00:00:00";"host257";"2025-06-21 00:00:00"
208;208;"cpu";"host258";"/api/device/4096/vitals/fs8988905/normalized_daily?duration=30d";"1";"host258";"2025-06-21 00:00:00";"host258";"2025-06-21 00:00:00"
209;209;"cpu";"host259";"/api/device/4096/vitals/fs8993902/normalized_daily?duration=30d";"1";"host259";"2025-06-22 00:00:00";"host259";"2025-06-22 00:00:00"
210;210;"cpu";"host260";"/api/device/4096/vitals/fs8993903/normalized_daily?duration=30d";"1";"host260";"2025-06-22 00:00:00";"host260";"2025-06-22 00:00:00"
211;211;"cpu";"host261";"/api/device/4096/vitals/fs8993904/normalized_daily?duration=30d";"1";"host261";"2025-06-22 00:00:00";"host261";"2025-06-22 00:00:00"
212;212;"cpu";"host262";"/api/device/4096/vitals/fs8993905/normalized_daily?duration=30d";"1";"host262";"2025-06-22 00:00:00";"host262";"2025-06-22 00:00:00"
213;213;"cpu";"host263";"/api/device/4096/vitals/fs8993906/normalized_daily?duration=30d";"1";"host263";"2025-06-22 00:00:00";"host263";"2025-06-22 00:00:00"
214;214;"cpu";"host264";"/api/device/4230/performance_data/4915/normalized_daily?duration=30d";"1";"host264";"2025-06-22 00:00:00";"host264";"2025-06-22 00:00:00"
215;215;"cpu";"host265";"/api/device/4230/performance_data/4919/normalized_daily?duration=30d";"1";"host265";"2025-06-22 00:00:00";"host265";"2025-06-22 00:00:00"
216;216;"cpu";"host266";"/api/device/4230/vitals/fs5295840/normalized_daily?duration=30d";"1";"host266";"2025-06-22 00:00:00";"host266";"2025-06-22 00:00:00"
217;217;"cpu";"host267";"/api/device/4230/vitals/fs5295841/normalized_daily?duration=30d";"1";"host267";"2025-06-22 00:00:00";"host267";"2025-06-22 00:00:00"
218;218;"cpu";"host268";"/api/device/4230/vitals/fs18207749/normalized_daily?duration=30d";"1";"host268";"2025-06-22 00:00:00";"host268";"2025-06-22 00:00:00"
219;219;"cpu";"host269";"/api/device/4230/vitals/fs18207751/normalized_daily?duration=30d";"1";"host269";"2025-06-22 00:00:00";"host269";"2025-06-22 00:00:00"
220;220;"cpu";"host270";"/api/device/4230/vitals/fs18207752/normalized_daily?duration=30d";"1";"host270";"2025-06-22 00:00:00";"host270";"2025-06-22 00:00:00"
221;221;"cpu";"host271";"/api/device/4230/vitals/fs18207753/normalized_daily?duration=30d";"1";"host271";"2025-06-22 00:00:00";"host271";"2025-06-22 00:00:00"
222;222;"cpu";"host272";"/api/device/4230/vitals/fs18207754/normalized_daily?duration=30d";"1";"host272";"2025-06-22 00:00:00";"host272";"2025-06-22 00:00:00"
223;223;"cpu";"host273";"/api/device/4230/vitals/fs18207755/normalized_daily?duration=30d";"1";"host273";"2025-06-22 00:00:00";"host273";"2025-06-22 00:00:00"
224;224;"cpu";"host274";"/api/device/4230/vitals/fs18387628/normalized_daily?duration=30d";"1";"host274";"2025-06-23 00:00:00";"host274";"2025-06-23 00:00:00"
225;225;"cpu";"host275";"/api/device/4230/vitals/fs18642877/normalized_daily?duration=30d";"1";"host275";"2025-06-23 00:00:00";"host275";"2025-06-23 00:00:00"
226;226;"cpu";"host276";"/api/device/12675/performance_data/4915/normalized_daily?duration=30d";"1";"host276";"2025-06-23 00:00:00";"host276";"2025-06-23 00:00:00"
227;227;"cpu";"host277";"/api/device/12675/performance_data/4919/normalized_daily?duration=30d";"1";"host277";"2025-06-23 00:00:00";"host277";"2025-06-23 00:00:00"
228;228;"cpu";"host278";"/api/device/12675/vitals/fs1193242/normalized_daily?duration=30d";"1";"host278";"2025-06-23 00:00:00";"host278";"2025-06-23 00:00:00"
229;229;"cpu";"host279";"/api/device/12675/vitals/fs1193245/normalized_daily?duration=30d";"1";"host279";"2025-06-23 00:00:00";"host279";"2025-06-23 00:00:00"
230;230;"cpu";"host280";"/api/device/12675/vitals/fs1193247/normalized_daily?duration=30d";"1";"host280";"2025-06-23 00:00:00";"host280";"2025-06-23 00:00:00"
231;231;"cpu";"host281";"/api/device/12928/performance_data/4915/normalized_daily?duration=30d";"1";"host281";"2025-06-23 00:00:00";"host281";"2025-06-23 00:00:00"
232;232;"cpu";"host282";"/api/device/12928/performance_data/4919/normalized_daily?duration=30d";"1";"host282";"2025-06-23 00:00:00";"host282";"2025-06-23 00:00:00"
233;233;"cpu";"host283";"/api/device/12928/vitals/fs5986657/normalized_daily?duration=30d";"1";"host283";"2025-06-23 00:00:00";"host283";"2025-06-23 00:00:00"
234;234;"cpu";"host284";"/api/device/12928/vitals/fs5986659/normalized_daily?duration=30d";"1";"host284";"2025-06-23 00:00:00";"host284";"2025-06-23 00:00:00"
235;235;"cpu";"host285";"/api/device/12928/vitals/fs15001607/normalized_daily?duration=30d";"1";"host285";"2025-06-23 00:00:00";"host285";"2025-06-23 00:00:00"
236;236;"cpu";"host286";"/api/device/12978/performance_data/4915/normalized_daily?duration=30d";"1";"host286";"2025-06-23 00:00:00";"host286";"2025-06-23 00:00:00"
237;237;"cpu";"host287";"/api/device/12978/performance_data/4919/normalized_daily?duration=30d";"1";"host287";"2025-06-23 00:00:00";"host287";"2025-06-23 00:00:00"
238;238;"cpu";"host288";"/api/device/12978/vitals/fs6121112/normalized_daily?duration=30d";"1";"host288";"2025-06-23 00:00:00";"host288";"2025-06-23 00:00:00"
239;239;"cpu";"host289";"/api/device/12979/performance_data/4915/normalized_daily?duration=30d";"1";"host289";"2025-06-24 00:00:00";"host289";"2025-06-24 00:00:00"
240;240;"cpu";"host290";"/api/device/12979/performance_data/4919/normalized_daily?duration=30d";"1";"host290";"2025-06-24 00:00:00";"host290";"2025-06-24 00:00:00"
241;241;"cpu";"host291";"/api/device/12979/vitals/fs6121107/normalized_daily?duration=30d";"1";"host291";"2025-06-24 00:00:00";"host291";"2025-06-24 00:00:00"
242;242;"cpu";"host292";"/api/device/13016/performance_data/4915/normalized_daily?duration=30d";"1";"host292";"2025-06-24 00:00:00";"host292";"2025-06-24 00:00:00"
243;243;"cpu";"host293";"/api/device/13016/performance_data/4919/normalized_daily?duration=30d";"1";"host293";"2025-06-24 00:00:00";"host293";"2025-06-24 00:00:00"
244;244;"cpu";"host294";"/api/device/13016/vitals/fs1191099/normalized_daily?duration=30d";"1";"host294";"2025-06-24 00:00:00";"host294";"2025-06-24 00:00:00"
245;245;"cpu";"host295";"/api/device/13016/vitals/fs1191109/normalized_daily?duration=30d";"1";"host295";"2025-06-24 00:00:00";"host295";"2025-06-24 00:00:00"
246;246;"cpu";"host296";"/api/device/13030/performance_data/4915/normalized_daily?duration=30d";"1";"host296";"2025-06-24 00:00:00";"host296";"2025-06-24 00:00:00"
247;247;"cpu";"host297";"/api/device/13030/performance_data/4919/normalized_daily?duration=30d";"1";"host297";"2025-06-24 00:00:00";"host297";"2025-06-24 00:00:00"
248;248;"cpu";"host298";"/api/device/13030/vitals/fs1190909/normalized_daily?duration=30d";"1";"host298";"2025-06-24 00:00:00";"host298";"2025-06-24 00:00:00"
249;249;"cpu";"host299";"/api/device/13030/vitals/fs1190913/normalized_daily?duration=30d";"1";"host299";"2025-06-24 00:00:00";"host299";"2025-06-24 00:00:00"
250;250;"cpu";"host300";"/api/device/13030/vitals/fs1190915/normalized_daily?duration=30d";"1";"host300";"2025-06-24 00:00:00";"host300";"2025-06-24 00:00:00"
251;251;"cpu";"host301";"/api/device/13046/performance_data/4915/normalized_daily?duration=30d";"1";"host301";"2025-06-24 00:00:00";"host301";"2025-06-24 00:00:00"
252;252;"cpu";"host302";"/api/device/13046/performance_data/4919/normalized_daily?duration=30d";"1";"host302";"2025-06-24 00:00:00";"host302";"2025-06-24 00:00:00"
253;253;"cpu";"host303";"/api/device/13046/vitals/fs1191695/normalized_daily?duration=30d";"1";"host303";"2025-06-24 00:00:00";"host303";"2025-06-24 00:00:00"
254;254;"cpu";"host304";"/api/device/13046/vitals/fs1191698/normalized_daily?duration=30d";"1";"host304";"2025-06-25 00:00:00";"host304";"2025-06-25 00:00:00"
255;255;"cpu";"host305";"/api/device/13046/vitals/fs1191701/normalized_daily?duration=30d";"1";"host305";"2025-06-25 00:00:00";"host305";"2025-06-25 00:00:00"
256;256;"cpu";"host306";"/api/device/13070/performance_data/4915/normalized_daily?duration=30d";"1";"host306";"2025-06-25 00:00:00";"host306";"2025-06-25 00:00:00"
257;257;"cpu";"host307";"/api/device/13070/performance_data/4919/normalized_daily?duration=30d";"1";"host307";"2025-06-25 00:00:00";"host307";"2025-06-25 00:00:00"
258;258;"cpu";"host308";"/api/device/13070/vitals/fs1191788/normalized_daily?duration=30d";"1";"host308";"2025-06-25 00:00:00";"host308";"2025-06-25 00:00:00"
259;259;"cpu";"host309";"/api/device/13070/vitals/fs1191793/normalized_daily?duration=30d";"1";"host309";"2025-06-25 00:00:00";"host309";"2025-06-25 00:00:00"
260;260;"cpu";"host310";"/api/device/13070/vitals/fs1191811/normalized_daily?duration=30d";"1";"host310";"2025-06-25 00:00:00";"host310";"2025-06-25 00:00:00"
261;261;"cpu";"host311";"/api/device/13070/vitals/fs1191815/normalized_daily?duration=30d";"1";"host311";"2025-06-25 00:00:00";"host311";"2025-06-25 00:00:00"
262;262;"cpu";"host312";"/api/device/13070/vitals/fs17196402/normalized_daily?duration=30d";"1";"host312";"2025-06-25 00:00:00";"host312";"2025-06-25 00:00:00"
263;263;"cpu";"host313";"/api/device/13082/performance_data/4915/normalized_daily?duration=30d";"1";"host313";"2025-06-25 00:00:00";"host313";"2025-06-25 00:00:00"
264;264;"cpu";"host314";"/api/device/13082/performance_data/4919/normalized_daily?duration=30d";"1";"host314";"2025-06-25 00:00:00";"host314";"2025-06-25 00:00:00"
265;265;"cpu";"host315";"/api/device/13082/vitals/fs1191755/normalized_daily?duration=30d";"1";"host315";"2025-06-25 00:00:00";"host315";"2025-06-25 00:00:00"
266;266;"cpu";"host316";"/api/device/13082/vitals/fs1191758/normalized_daily?duration=30d";"1";"host316";"2025-06-25 00:00:00";"host316";"2025-06-25 00:00:00"
267;267;"cpu";"host317";"/api/device/13092/performance_data/4915/normalized_daily?duration=30d";"1";"host317";"2025-06-25 00:00:00";"host317";"2025-06-25 00:00:00"
268;268;"cpu";"host318";"/api/device/13092/performance_data/4919/normalized_daily?duration=30d";"1";"host318";"2025-06-25 00:00:00";"host318";"2025-06-25 00:00:00"
269;269;"cpu";"host319";"/api/device/13092/vitals/fs5986681/normalized_daily?duration=30d";"1";"host319";"2025-06-26 00:00:00";"host319";"2025-06-26 00:00:00"
270;270;"cpu";"host320";"/api/device/13092/vitals/fs5986682/normalized_daily?duration=30d";"1";"host320";"2025-06-26 00:00:00";"host320";"2025-06-26 00:00:00"
271;271;"cpu";"host321";"/api/device/13092/vitals/fs5986684/normalized_daily?duration=30d";"1";"host321";"2025-06-26 00:00:00";"host321";"2025-06-26 00:00:00"
272;272;"cpu";"host322";"/api/device/13092/vitals/fs5986685/normalized_daily?duration=30d";"1";"host322";"2025-06-26 00:00:00";"host322";"2025-06-26 00:00:00"
273;273;"cpu";"host323";"/api/device/13092/vitals/fs5986686/normalized_daily?duration=30d";"1";"host323";"2025-06-26 00:00:00";"host323";"2025-06-26 00:00:00"
274;274;"cpu";"host324";"/api/device/13092/vitals/fs5986688/normalized_daily?duration=30d";"1";"host324";"2025-06-26 00:00:00";"host324";"2025-06-26 00:00:00"
275;275;"cpu";"host325";"/api/device/13169/performance_data/4915/normalized_daily?duration=30d";"1";"host325";"2025-06-26 00:00:00";"host325";"2025-06-26 00:00:00"
276;276;"cpu";"host326";"/api/device/13169/performance_data/4919/normalized_daily?duration=30d";"1";"host326";"2025-06-26 00:00:00";"host326";"2025-06-26 00:00:00"
277;277;"cpu";"host327";"/api/device/13177/performance_data/4915/normalized_daily?duration=30d";"1";"host327";"2025-06-26 00:00:00";"host327";"2025-06-26 00:00:00"
278;278;"cpu";"host328";"/api/device/13177/performance_data/4919/normalized_daily?duration=30d";"1";"host328";"2025-06-26 00:00:00";"host328";"2025-06-26 00:00:00"
279;279;"cpu";"host329";"/api/device/13177/vitals/fs8896728/normalized_daily?duration=30d";"1";"host329";"2025-06-26 00:00:00";"host329";"2025-06-26 00:00:00"
280;280;"cpu";"host330";"/api/device/13177/vitals/fs8896737/normalized_daily?duration=30d";"1";"host330";"2025-06-26 00:00:00";"host330";"2025-06-26 00:00:00"
281;281;"cpu";"host331";"/api/device/13177/vitals/fs13784088/normalized_daily?duration=30d";"1";"host331";"2025-06-26 00:00:00";"host331";"2025-06-26 00:00:00"
282;282;"cpu";"host332";"/api/device/13177/vitals/fs17616258/normalized_daily?duration=30d";"1";"host332";"2025-06-26 00:00:00";"host332";"2025-06-26 00:00:00"
283;283;"cpu";"host333";"/api/device/13177/vitals/fs18366271/normalized_daily?duration=30d";"1";"host333";"2025-06-26 00:00:00";"host333";"2025-06-26 00:00:00"
284;284;"cpu";"host334";"/api/device/13184/performance_data/4915/normalized_daily?duration=30d";"1";"host334";"2025-06-27 00:00:00";"host334";"2025-06-27 00:00:00"
285;285;"cpu";"host335";"/api/device/13184/performance_data/4919/normalized_daily?duration=30d";"1";"host335";"2025-06-27 00:00:00";"host335";"2025-06-27 00:00:00"
286;286;"cpu";"host336";"/api/device/13184/vitals/fs8896787/normalized_daily?duration=30d";"1";"host336";"2025-06-27 00:00:00";"host336";"2025-06-27 00:00:00"
287;287;"cpu";"host337";"/api/device/13184/vitals/fs8896788/normalized_daily?duration=30d";"1";"host337";"2025-06-27 00:00:00";"host337";"2025-06-27 00:00:00"
288;288;"cpu";"host338";"/api/device/13184/vitals/fs8896789/normalized_daily?duration=30d";"1";"host338";"2025-06-27 00:00:00";"host338";"2025-06-27 00:00:00"
289;289;"cpu";"host339";"/api/device/14854/performance_data/6003/normalized_daily?duration=30d";"1";"host339";"2025-06-27 00:00:00";"host339";"2025-06-27 00:00:00"
290;290;"cpu";"host340";"/api/device/14854/performance_data/5943/normalized_daily?duration=30d";"1";"host340";"2025-06-27 00:00:00";"host340";"2025-06-27 00:00:00"
291;291;"cpu";"host341";"/api/device/14854/vitals/fs5282139/normalized_daily?duration=30d";"1";"host341";"2025-06-27 00:00:00";"host341";"2025-06-27 00:00:00"
292;292;"cpu";"host342";"/api/device/14854/vitals/fs5282142/normalized_daily?duration=30d";"1";"host342";"2025-06-27 00:00:00";"host342";"2025-06-27 00:00:00"
293;293;"cpu";"host343";"/api/device/14854/vitals/fs5282143/normalized_daily?duration=30d";"1";"host343";"2025-06-27 00:00:00";"host343";"2025-06-27 00:00:00"
294;294;"cpu";"host344";"/api/device/14854/vitals/fs5282144/normalized_daily?duration=30d";"1";"host344";"2025-06-27 00:00:00";"host344";"2025-06-27 00:00:00"
295;295;"cpu";"host345";"/api/device/14854/vitals/fs5282148/normalized_daily?duration=30d";"1";"host345";"2025-06-27 00:00:00";"host345";"2025-06-27 00:00:00"
296;296;"cpu";"host346";"/api/device/14854/vitals/fs5282150/normalized_daily?duration=30d";"1";"host346";"2025-06-27 00:00:00";"host346";"2025-06-27 00:00:00"
297;297;"cpu";"host347";"/api/device/14854/vitals/fs5282151/normalized_daily?duration=30d";"1";"host347";"2025-06-27 00:00:00";"host347";"2025-06-27 00:00:00"
298;298;"cpu";"host348";"/api/device/14854/vitals/fs5282153/normalized_daily?duration=30d";"1";"host348";"2025-06-27 00:00:00";"host348";"2025-06-27 00:00:00"
299;299;"cpu";"host349";"/api/device/14854/vitals/fs5282155/normalized_daily?duration=30d";"1";"host349";"2025-06-28 00:00:00";"host349";"2025-06-28 00:00:00"
300;300;"cpu";"host350";"/api/device/14854/vitals/fs5282156/normalized_daily?duration=30d";"1";"host350";"2025-06-28 00:00:00";"host350";"2025-06-28 00:00:00"
301;301;"cpu";"host351";"/api/device/14854/vitals/fs7187991/normalized_daily?duration=30d";"1";"host351";"2025-06-28 00:00:00";"host351";"2025-06-28 00:00:00"
302;302;"cpu";"host352";"/api/device/14854/vitals/fs12044954/normalized_daily?duration=30d";"1";"host352";"2025-06-28 00:00:00";"host352";"2025-06-28 00:00:00"
303;303;"cpu";"host353";"/api/device/14854/vitals/fs12044956/normalized_daily?duration=30d";"1";"host353";"2025-06-28 00:00:00";"host353";"2025-06-28 00:00:00"
304;304;"cpu";"host354";"/api/device/14854/vitals/fs12044958/normalized_daily?duration=30d";"1";"host354";"2025-06-28 00:00:00";"host354";"2025-06-28 00:00:00"
305;305;"cpu";"host355";"/api/device/14854/vitals/fs16332381/normalized_daily?duration=30d";"1";"host355";"2025-06-28 00:00:00";"host355";"2025-06-28 00:00:00"
306;306;"cpu";"host356";"/api/device/14854/vitals/fs16332382/normalized_daily?duration=30d";"1";"host356";"2025-06-28 00:00:00";"host356";"2025-06-28 00:00:00"
307;307;"cpu";"host357";"/api/device/15764/performance_data/4915/normalized_daily?duration=30d";"1";"host357";"2025-06-28 00:00:00";"host357";"2025-06-28 00:00:00"
308;308;"cpu";"host358";"/api/device/15764/performance_data/4919/normalized_daily?duration=30d";"1";"host358";"2025-06-28 00:00:00";"host358";"2025-06-28 00:00:00"
309;309;"cpu";"host359";"/api/device/15764/vitals/fs5178671/normalized_daily?duration=30d";"1";"host359";"2025-06-28 00:00:00";"host359";"2025-06-28 00:00:00"
310;310;"cpu";"host360";"/api/device/15764/vitals/fs5178675/normalized_daily?duration=30d";"1";"host360";"2025-06-28 00:00:00";"host360";"2025-06-28 00:00:00"
311;311;"cpu";"host361";"/api/device/15767/performance_data/4915/normalized_daily?duration=30d";"1";"host361";"2025-06-28 00:00:00";"host361";"2025-06-28 00:00:00"
312;312;"cpu";"host362";"/api/device/15767/performance_data/4919/normalized_daily?duration=30d";"1";"host362";"2025-06-28 00:00:00";"host362";"2025-06-28 00:00:00"
313;313;"cpu";"host363";"/api/device/15767/vitals/fs5179016/normalized_daily?duration=30d";"1";"host363";"2025-06-28 00:00:00";"host363";"2025-06-28 00:00:00"
314;314;"cpu";"host364";"/api/device/15767/vitals/fs5179017/normalized_daily?duration=30d";"1";"host364";"2025-06-29 00:00:00";"host364";"2025-06-29 00:00:00"
315;315;"cpu";"host365";"/api/device/15767/vitals/fs5179020/normalized_daily?duration=30d";"1";"host365";"2025-06-29 00:00:00";"host365";"2025-06-29 00:00:00"
316;316;"cpu";"host366";"/api/device/15767/vitals/fs5179021/normalized_daily?duration=30d";"1";"host366";"2025-06-29 00:00:00";"host366";"2025-06-29 00:00:00"
317;317;"cpu";"host367";"/api/device/15767/vitals/fs5179022/normalized_daily?duration=30d";"1";"host367";"2025-06-29 00:00:00";"host367";"2025-06-29 00:00:00"
318;318;"cpu";"host368";"/api/device/15803/performance_data/4915/normalized_daily?duration=30d";"1";"host368";"2025-06-29 00:00:00";"host368";"2025-06-29 00:00:00"
319;319;"cpu";"host369";"/api/device/15803/performance_data/4919/normalized_daily?duration=30d";"1";"host369";"2025-06-29 00:00:00";"host369";"2025-06-29 00:00:00"
320;320;"cpu";"host370";"/api/device/15803/vitals/fs5178485/normalized_daily?duration=30d";"1";"host370";"2025-06-29 00:00:00";"host370";"2025-06-29 00:00:00"
321;321;"cpu";"host371";"/api/device/15803/vitals/fs5178493/normalized_daily?duration=30d";"1";"host371";"2025-06-29 00:00:00";"host371";"2025-06-29 00:00:00"
322;322;"cpu";"host372";"/api/device/15803/vitals/fs5178497/normalized_daily?duration=30d";"1";"host372";"2025-06-29 00:00:00";"host372";"2025-06-29 00:00:00"
323;323;"cpu";"host373";"/api/device/16638/performance_data/4915/normalized_daily?duration=30d";"1";"host373";"2025-06-29 00:00:00";"host373";"2025-06-29 00:00:00"
324;324;"cpu";"host374";"/api/device/16638/performance_data/4919/normalized_daily?duration=30d";"1";"host374";"2025-06-29 00:00:00";"host374";"2025-06-29 00:00:00"
325;325;"cpu";"host375";"/api/device/16638/vitals/fs6139485/normalized_daily?duration=30d";"1";"host375";"2025-06-29 00:00:00";"host375";"2025-06-29 00:00:00"
326;326;"cpu";"host376";"/api/device/16638/vitals/fs6139487/normalized_daily?duration=30d";"1";"host376";"2025-06-29 00:00:00";"host376";"2025-06-29 00:00:00"
327;327;"cpu";"host377";"/api/device/16638/vitals/fs6139488/normalized_daily?duration=30d";"1";"host377";"2025-06-29 00:00:00";"host377";"2025-06-29 00:00:00"
328;328;"cpu";"host378";"/api/device/16638/vitals/fs6139489/normalized_daily?duration=30d";"1";"host378";"2025-06-29 00:00:00";"host378";"2025-06-29 00:00:00"
329;329;"cpu";"host379";"/api/device/16638/vitals/fs6139491/normalized_daily?duration=30d";"1";"host379";"2025-06-30 00:00:00";"host379";"2025-06-30 00:00:00"
330;330;"cpu";"host380";"/api/device/16638/vitals/fs6139492/normalized_daily?duration=30d";"1";"host380";"2025-06-30 00:00:00";"host380";"2025-06-30 00:00:00"
331;331;"cpu";"host381";"/api/device/16638/vitals/fs6139493/normalized_daily?duration=30d";"1";"host381";"2025-06-30 00:00:00";"host381";"2025-06-30 00:00:00"
332;332;"cpu";"host382";"/api/device/16638/vitals/fs6139494/normalized_daily?duration=30d";"1";"host382";"2025-06-30 00:00:00";"host382";"2025-06-30 00:00:00"
333;333;"cpu";"host383";"/api/device/16638/vitals/fs15524504/normalized_daily?duration=30d";"1";"host383";"2025-06-30 00:00:00";"host383";"2025-06-30 00:00:00"
334;334;"cpu";"host384";"/api/device/16654/performance_data/4915/normalized_daily?duration=30d";"1";"host384";"2025-06-30 00:00:00";"host384";"2025-06-30 00:00:00"
335;335;"cpu";"host385";"/api/device/16654/performance_data/4919/normalized_daily?duration=30d";"1";"host385";"2025-06-30 00:00:00";"host385";"2025-06-30 00:00:00"
336;336;"cpu";"host386";"/api/device/16654/vitals/fs5198264/normalized_daily?duration=30d";"1";"host386";"2025-06-30 00:00:00";"host386";"2025-06-30 00:00:00"
337;337;"cpu";"host387";"/api/device/16654/vitals/fs5198277/normalized_daily?duration=30d";"1";"host387";"2025-06-30 00:00:00";"host387";"2025-06-30 00:00:00"
338;338;"cpu";"host388";"/api/device/16654/vitals/fs5198285/normalized_daily?duration=30d";"1";"host388";"2025-06-30 00:00:00";"host388";"2025-06-30 00:00:00"
339;339;"cpu";"host389";"/api/device/16681/performance_data/4915/normalized_daily?duration=30d";"1";"host389";"2025-06-30 00:00:00";"host389";"2025-06-30 00:00:00"
340;340;"cpu";"host390";"/api/device/16681/performance_data/4919/normalized_daily?duration=30d";"1";"host390";"2025-06-30 00:00:00";"host390";"2025-06-30 00:00:00"
341;341;"cpu";"host391";"/api/device/16681/vitals/fs5196538/normalized_daily?duration=30d";"1";"host391";"2025-06-30 00:00:00";"host391";"2025-06-30 00:00:00"
342;342;"cpu";"host392";"/api/device/16681/vitals/fs5196540/normalized_daily?duration=30d";"1";"host392";"2025-06-30 00:00:00";"host392";"2025-06-30 00:00:00"
343;343;"cpu";"host393";"/api/device/16681/vitals/fs5196547/normalized_daily?duration=30d";"1";"host393";"2025-06-30 00:00:00";"host393";"2025-06-30 00:00:00"
344;344;"cpu";"host394";"/api/device/16702/performance_data/4915/normalized_daily?duration=30d";"1";"host394";"2025-07-01 00:00:00";"host394";"2025-07-01 00:00:00"
345;345;"cpu";"host395";"/api/device/16702/performance_data/4919/normalized_daily?duration=30d";"1";"host395";"2025-07-01 00:00:00";"host395";"2025-07-01 00:00:00"
346;346;"cpu";"host396";"/api/device/16702/vitals/fs5198207/normalized_daily?duration=30d";"1";"host396";"2025-07-01 00:00:00";"host396";"2025-07-01 00:00:00"
347;347;"cpu";"host397";"/api/device/16702/vitals/fs5198216/normalized_daily?duration=30d";"1";"host397";"2025-07-01 00:00:00";"host397";"2025-07-01 00:00:00"
348;348;"cpu";"host398";"/api/device/16721/performance_data/4915/normalized_daily?duration=30d";"1";"host398";"2025-07-01 00:00:00";"host398";"2025-07-01 00:00:00"
349;349;"cpu";"host399";"/api/device/16721/performance_data/4919/normalized_daily?duration=30d";"1";"host399";"2025-07-01 00:00:00";"host399";"2025-07-01 00:00:00"
350;350;"cpu";"host400";"/api/device/16721/vitals/fs5198529/normalized_daily?duration=30d";"1";"host400";"2025-07-01 00:00:00";"host400";"2025-07-01 00:00:00"
351;351;"cpu";"host401";"/api/device/16721/vitals/fs5198553/normalized_daily?duration=30d";"1";"host401";"2025-07-01 00:00:00";"host401";"2025-07-01 00:00:00"
352;352;"cpu";"host402";"/api/device/16741/performance_data/4915/normalized_daily?duration=30d";"1";"host402";"2025-07-01 00:00:00";"host402";"2025-07-01 00:00:00"
353;353;"cpu";"host403";"/api/device/16741/performance_data/4919/normalized_daily?duration=30d";"1";"host403";"2025-07-01 00:00:00";"host403";"2025-07-01 00:00:00"
354;354;"cpu";"host404";"/api/device/16741/vitals/fs5260396/normalized_daily?duration=30d";"1";"host404";"2025-07-01 00:00:00";"host404";"2025-07-01 00:00:00"
355;355;"cpu";"host405";"/api/device/16741/vitals/fs5260397/normalized_daily?duration=30d";"1";"host405";"2025-07-01 00:00:00";"host405";"2025-07-01 00:00:00"
356;356;"cpu";"host406";"/api/device/16741/vitals/fs5260398/normalized_daily?duration=30d";"1";"host406";"2025-07-01 00:00:00";"host406";"2025-07-01 00:00:00"
357;357;"cpu";"host407";"/api/device/16741/vitals/fs5260399/normalized_daily?duration=30d";"1";"host407";"2025-07-01 00:00:00";"host407";"2025-07-01 00:00:00"
358;358;"cpu";"host408";"/api/device/16741/vitals/fs5260400/normalized_daily?duration=30d";"1";"host408";"2025-07-01 00:00:00";"host408";"2025-07-01 00:00:00"
359;359;"cpu";"host409";"/api/device/16741/vitals/fs5260401/normalized_daily?duration=30d";"1";"host409";"2025-07-02 00:00:00";"host409";"2025-07-02 00:00:00"
360;360;"cpu";"host410";"/api/device/16741/vitals/fs5260402/normalized_daily?duration=30d";"1";"host410";"2025-07-02 00:00:00";"host410";"2025-07-02 00:00:00"
361;361;"cpu";"host411";"/api/device/16741/vitals/fs5260403/normalized_daily?duration=30d";"1";"host411";"2025-07-02 00:00:00";"host411";"2025-07-02 00:00:00"
362;362;"cpu";"host412";"/api/device/16742/performance_data/4915/normalized_daily?duration=30d";"1";"host412";"2025-07-02 00:00:00";"host412";"2025-07-02 00:00:00"
363;363;"cpu";"host413";"/api/device/16742/performance_data/4919/normalized_daily?duration=30d";"1";"host413";"2025-07-02 00:00:00";"host413";"2025-07-02 00:00:00"
364;364;"cpu";"host414";"/api/device/16742/vitals/fs5198665/normalized_daily?duration=30d";"1";"host414";"2025-07-02 00:00:00";"host414";"2025-07-02 00:00:00"
365;365;"cpu";"host415";"/api/device/16742/vitals/fs5198668/normalized_daily?duration=30d";"1";"host415";"2025-07-02 00:00:00";"host415";"2025-07-02 00:00:00"
366;366;"cpu";"host416";"/api/device/16755/performance_data/4915/normalized_daily?duration=30d";"1";"host416";"2025-07-02 00:00:00";"host416";"2025-07-02 00:00:00"
367;367;"cpu";"host417";"/api/device/16755/performance_data/4919/normalized_daily?duration=30d";"1";"host417";"2025-07-02 00:00:00";"host417";"2025-07-02 00:00:00"
368;368;"cpu";"host418";"/api/device/16755/vitals/fs5259659/normalized_daily?duration=30d";"1";"host418";"2025-07-02 00:00:00";"host418";"2025-07-02 00:00:00"
369;369;"cpu";"host419";"/api/device/16755/vitals/fs5259660/normalized_daily?duration=30d";"1";"host419";"2025-07-02 00:00:00";"host419";"2025-07-02 00:00:00"
370;370;"cpu";"host420";"/api/device/16755/vitals/fs5259661/normalized_daily?duration=30d";"1";"host420";"2025-07-02 00:00:00";"host420";"2025-07-02 00:00:00"
371;371;"cpu";"host421";"/api/device/16755/vitals/fs5259662/normalized_daily?duration=30d";"1";"host421";"2025-07-02 00:00:00";"host421";"2025-07-02 00:00:00"
372;372;"cpu";"host422";"/api/device/16755/vitals/fs5259663/normalized_daily?duration=30d";"1";"host422";"2025-07-02 00:00:00";"host422";"2025-07-02 00:00:00"
373;373;"cpu";"host423";"/api/device/16755/vitals/fs5259664/normalized_daily?duration=30d";"1";"host423";"2025-07-02 00:00:00";"host423";"2025-07-02 00:00:00"
374;374;"cpu";"host424";"/api/device/16755/vitals/fs5259666/normalized_daily?duration=30d";"1";"host424";"2025-07-03 00:00:00";"host424";"2025-07-03 00:00:00"
375;375;"cpu";"host425";"/api/device/16755/vitals/fs5259670/normalized_daily?duration=30d";"1";"host425";"2025-07-03 00:00:00";"host425";"2025-07-03 00:00:00"
376;376;"cpu";"host426";"/api/device/16755/vitals/fs5259673/normalized_daily?duration=30d";"1";"host426";"2025-07-03 00:00:00";"host426";"2025-07-03 00:00:00"
377;377;"cpu";"host427";"/api/device/16781/performance_data/4915/normalized_daily?duration=30d";"1";"host427";"2025-07-03 00:00:00";"host427";"2025-07-03 00:00:00"
378;378;"cpu";"host428";"/api/device/16781/performance_data/4919/normalized_daily?duration=30d";"1";"host428";"2025-07-03 00:00:00";"host428";"2025-07-03 00:00:00"
379;379;"cpu";"host429";"/api/device/16781/vitals/fs5771892/normalized_daily?duration=30d";"1";"host429";"2025-07-03 00:00:00";"host429";"2025-07-03 00:00:00"
380;380;"cpu";"host430";"/api/device/16781/vitals/fs5771894/normalized_daily?duration=30d";"1";"host430";"2025-07-03 00:00:00";"host430";"2025-07-03 00:00:00"
381;381;"cpu";"host431";"/api/device/16781/vitals/fs5771895/normalized_daily?duration=30d";"1";"host431";"2025-07-03 00:00:00";"host431";"2025-07-03 00:00:00"
382;382;"cpu";"host432";"/api/device/16781/vitals/fs5771896/normalized_daily?duration=30d";"1";"host432";"2025-07-03 00:00:00";"host432";"2025-07-03 00:00:00"
383;383;"cpu";"host433";"/api/device/16781/vitals/fs5771898/normalized_daily?duration=30d";"1";"host433";"2025-07-03 00:00:00";"host433";"2025-07-03 00:00:00"
384;384;"cpu";"host434";"/api/device/16781/vitals/fs5771899/normalized_daily?duration=30d";"1";"host434";"2025-07-03 00:00:00";"host434";"2025-07-03 00:00:00"
385;385;"cpu";"host435";"/api/device/16781/vitals/fs5771900/normalized_daily?duration=30d";"1";"host435";"2025-07-03 00:00:00";"host435";"2025-07-03 00:00:00"
386;386;"cpu";"host436";"/api/device/16781/vitals/fs5771901/normalized_daily?duration=30d";"1";"host436";"2025-07-03 00:00:00";"host436";"2025-07-03 00:00:00"
387;387;"cpu";"host437";"/api/device/16781/vitals/fs5771902/normalized_daily?duration=30d";"1";"host437";"2025-07-03 00:00:00";"host437";"2025-07-03 00:00:00"
388;388;"cpu";"host438";"/api/device/16781/vitals/fs5771903/normalized_daily?duration=30d";"1";"host438";"2025-07-03 00:00:00";"host438";"2025-07-03 00:00:00"
389;389;"cpu";"host439";"/api/device/16781/vitals/fs5771904/normalized_daily?duration=30d";"1";"host439";"2025-07-04 00:00:00";"host439";"2025-07-04 00:00:00"
390;390;"cpu";"host440";"/api/device/16785/performance_data/4915/normalized_daily?duration=30d";"1";"host440";"2025-07-04 00:00:00";"host440";"2025-07-04 00:00:00"
391;391;"cpu";"host441";"/api/device/16785/performance_data/4919/normalized_daily?duration=30d";"1";"host441";"2025-07-04 00:00:00";"host441";"2025-07-04 00:00:00"
392;392;"cpu";"host442";"/api/device/16785/vitals/fs5196391/normalized_daily?duration=30d";"1";"host442";"2025-07-04 00:00:00";"host442";"2025-07-04 00:00:00"
393;393;"cpu";"host443";"/api/device/16785/vitals/fs5196402/normalized_daily?duration=30d";"1";"host443";"2025-07-04 00:00:00";"host443";"2025-07-04 00:00:00"
394;394;"cpu";"host444";"/api/device/16788/performance_data/4915/normalized_daily?duration=30d";"1";"host444";"2025-07-04 00:00:00";"host444";"2025-07-04 00:00:00"
395;395;"cpu";"host445";"/api/device/16788/performance_data/4919/normalized_daily?duration=30d";"1";"host445";"2025-07-04 00:00:00";"host445";"2025-07-04 00:00:00"
396;396;"cpu";"host446";"/api/device/16788/vitals/fs5199192/normalized_daily?duration=30d";"1";"host446";"2025-07-04 00:00:00";"host446";"2025-07-04 00:00:00"
397;397;"cpu";"host447";"/api/device/16788/vitals/fs5199200/normalized_daily?duration=30d";"1";"host447";"2025-07-04 00:00:00";"host447";"2025-07-04 00:00:00"
398;398;"cpu";"host448";"/api/device/16818/performance_data/4915/normalized_daily?duration=30d";"1";"host448";"2025-07-04 00:00:00";"host448";"2025-07-04 00:00:00"
399;399;"cpu";"host449";"/api/device/16818/performance_data/4919/normalized_daily?duration=30d";"1";"host449";"2025-07-04 00:00:00";"host449";"2025-07-04 00:00:00"
400;400;"cpu";"host450";"/api/device/16818/vitals/fs5199027/normalized_daily?duration=30d";"1";"host450";"2025-07-04 00:00:00";"host450";"2025-07-04 00:00:00"
401;401;"cpu";"host451";"/api/device/16818/vitals/fs5199040/normalized_daily?duration=30d";"1";"host451";"2025-07-04 00:00:00";"host451";"2025-07-04 00:00:00"
402;402;"cpu";"host452";"/api/device/16818/vitals/fs5199045/normalized_daily?duration=30d";"1";"host452";"2025-07-04 00:00:00";"host452";"2025-07-04 00:00:00"
403;403;"cpu";"host453";"/api/device/16818/vitals/fs5199061/normalized_daily?duration=30d";"1";"host453";"2025-07-04 00:00:00";"host453";"2025-07-04 00:00:00"
404;404;"cpu";"host454";"/api/device/16818/vitals/fs5199066/normalized_daily?duration=30d";"1";"host454";"2025-07-05 00:00:00";"host454";"2025-07-05 00:00:00"
405;405;"cpu";"host455";"/api/device/16818/vitals/fs5199071/normalized_daily?duration=30d";"1";"host455";"2025-07-05 00:00:00";"host455";"2025-07-05 00:00:00"
406;406;"cpu";"host456";"/api/device/16822/performance_data/4915/normalized_daily?duration=30d";"1";"host456";"2025-07-05 00:00:00";"host456";"2025-07-05 00:00:00"
407;407;"cpu";"host457";"/api/device/16822/performance_data/4919/normalized_daily?duration=30d";"1";"host457";"2025-07-05 00:00:00";"host457";"2025-07-05 00:00:00"
408;408;"cpu";"host458";"/api/device/16842/performance_data/4915/normalized_daily?duration=30d";"1";"host458";"2025-07-05 00:00:00";"host458";"2025-07-05 00:00:00"
409;409;"cpu";"host459";"/api/device/16842/performance_data/4919/normalized_daily?duration=30d";"1";"host459";"2025-07-05 00:00:00";"host459";"2025-07-05 00:00:00"
410;410;"cpu";"host460";"/api/device/16842/vitals/fs5196209/normalized_daily?duration=30d";"1";"host460";"2025-07-05 00:00:00";"host460";"2025-07-05 00:00:00"
411;411;"cpu";"host461";"/api/device/16842/vitals/fs5196213/normalized_daily?duration=30d";"1";"host461";"2025-07-05 00:00:00";"host461";"2025-07-05 00:00:00"
412;412;"cpu";"host462";"/api/device/16857/performance_data/4915/normalized_daily?duration=30d";"1";"host462";"2025-07-05 00:00:00";"host462";"2025-07-05 00:00:00"
413;413;"cpu";"host463";"/api/device/16857/performance_data/4919/normalized_daily?duration=30d";"1";"host463";"2025-07-05 00:00:00";"host463";"2025-07-05 00:00:00"
414;414;"cpu";"host464";"/api/device/16857/vitals/fs9390349/normalized_daily?duration=30d";"1";"host464";"2025-07-05 00:00:00";"host464";"2025-07-05 00:00:00"
415;415;"cpu";"host465";"/api/device/16858/performance_data/4915/normalized_daily?duration=30d";"1";"host465";"2025-07-05 00:00:00";"host465";"2025-07-05 00:00:00"
416;416;"cpu";"host466";"/api/device/16858/performance_data/4919/normalized_daily?duration=30d";"1";"host466";"2025-07-05 00:00:00";"host466";"2025-07-05 00:00:00"
417;417;"cpu";"host467";"/api/device/16858/vitals/fs5197976/normalized_daily?duration=30d";"1";"host467";"2025-07-05 00:00:00";"host467";"2025-07-05 00:00:00"
418;418;"cpu";"host468";"/api/device/16858/vitals/fs5197981/normalized_daily?duration=30d";"1";"host468";"2025-07-05 00:00:00";"host468";"2025-07-05 00:00:00"
419;419;"cpu";"host469";"/api/device/16858/vitals/fs5197990/normalized_daily?duration=30d";"1";"host469";"2025-07-06 00:00:00";"host469";"2025-07-06 00:00:00"
420;420;"cpu";"host470";"/api/device/16858/vitals/fs5197992/normalized_daily?duration=30d";"1";"host470";"2025-07-06 00:00:00";"host470";"2025-07-06 00:00:00"
421;421;"cpu";"host471";"/api/device/16858/vitals/fs5197995/normalized_daily?duration=30d";"1";"host471";"2025-07-06 00:00:00";"host471";"2025-07-06 00:00:00"
422;422;"cpu";"host472";"/api/device/16883/performance_data/4915/normalized_daily?duration=30d";"1";"host472";"2025-07-06 00:00:00";"host472";"2025-07-06 00:00:00"
423;423;"cpu";"host473";"/api/device/16883/performance_data/4919/normalized_daily?duration=30d";"1";"host473";"2025-07-06 00:00:00";"host473";"2025-07-06 00:00:00"
424;424;"cpu";"host474";"/api/device/16883/vitals/fs5196684/normalized_daily?duration=30d";"1";"host474";"2025-07-06 00:00:00";"host474";"2025-07-06 00:00:00"
425;425;"cpu";"host475";"/api/device/16883/vitals/fs5196686/normalized_daily?duration=30d";"1";"host475";"2025-07-06 00:00:00";"host475";"2025-07-06 00:00:00"
426;426;"cpu";"host476";"/api/device/16883/vitals/fs5196687/normalized_daily?duration=30d";"1";"host476";"2025-07-06 00:00:00";"host476";"2025-07-06 00:00:00"
427;427;"cpu";"host477";"/api/device/16883/vitals/fs5196690/normalized_daily?duration=30d";"1";"host477";"2025-07-06 00:00:00";"host477";"2025-07-06 00:00:00"
428;428;"cpu";"host478";"/api/device/16883/vitals/fs5196695/normalized_daily?duration=30d";"1";"host478";"2025-07-06 00:00:00";"host478";"2025-07-06 00:00:00"
429;429;"cpu";"host479";"/api/device/16910/performance_data/4915/normalized_daily?duration=30d";"1";"host479";"2025-07-06 00:00:00";"host479";"2025-07-06 00:00:00"
430;430;"cpu";"host480";"/api/device/16910/performance_data/4919/normalized_daily?duration=30d";"1";"host480";"2025-07-06 00:00:00";"host480";"2025-07-06 00:00:00"
431;431;"cpu";"host481";"/api/device/16910/vitals/fs5197754/normalized_daily?duration=30d";"1";"host481";"2025-07-06 00:00:00";"host481";"2025-07-06 00:00:00"
432;432;"cpu";"host482";"/api/device/16910/vitals/fs5197758/normalized_daily?duration=30d";"1";"host482";"2025-07-06 00:00:00";"host482";"2025-07-06 00:00:00"
433;433;"cpu";"host483";"/api/device/16917/performance_data/4915/normalized_daily?duration=30d";"1";"host483";"2025-07-06 00:00:00";"host483";"2025-07-06 00:00:00"
434;434;"cpu";"host484";"/api/device/16917/performance_data/4919/normalized_daily?duration=30d";"1";"host484";"2025-07-07 00:00:00";"host484";"2025-07-07 00:00:00"
435;435;"cpu";"host485";"/api/device/16917/vitals/fs5198563/normalized_daily?duration=30d";"1";"host485";"2025-07-07 00:00:00";"host485";"2025-07-07 00:00:00"
436;436;"cpu";"host486";"/api/device/16917/vitals/fs5198568/normalized_daily?duration=30d";"1";"host486";"2025-07-07 00:00:00";"host486";"2025-07-07 00:00:00"
437;437;"cpu";"host487";"/api/device/16917/vitals/fs5198575/normalized_daily?duration=30d";"1";"host487";"2025-07-07 00:00:00";"host487";"2025-07-07 00:00:00"
438;438;"cpu";"host488";"/api/device/16917/vitals/fs5198578/normalized_daily?duration=30d";"1";"host488";"2025-07-07 00:00:00";"host488";"2025-07-07 00:00:00"
439;439;"cpu";"host489";"/api/device/16917/vitals/fs5198581/normalized_daily?duration=30d";"1";"host489";"2025-07-07 00:00:00";"host489";"2025-07-07 00:00:00"
440;440;"cpu";"host490";"/api/device/16933/performance_data/4915/normalized_daily?duration=30d";"1";"host490";"2025-07-07 00:00:00";"host490";"2025-07-07 00:00:00"
441;441;"cpu";"host491";"/api/device/16933/performance_data/4919/normalized_daily?duration=30d";"1";"host491";"2025-07-07 00:00:00";"host491";"2025-07-07 00:00:00"
442;442;"cpu";"host492";"/api/device/16933/vitals/fs5199432/normalized_daily?duration=30d";"1";"host492";"2025-07-07 00:00:00";"host492";"2025-07-07 00:00:00"
443;443;"cpu";"host493";"/api/device/16933/vitals/fs5199442/normalized_daily?duration=30d";"1";"host493";"2025-07-07 00:00:00";"host493";"2025-07-07 00:00:00"
444;444;"cpu";"host494";"/api/device/16952/performance_data/4915/normalized_daily?duration=30d";"1";"host494";"2025-07-07 00:00:00";"host494";"2025-07-07 00:00:00"
445;445;"cpu";"host495";"/api/device/16952/performance_data/4919/normalized_daily?duration=30d";"1";"host495";"2025-07-07 00:00:00";"host495";"2025-07-07 00:00:00"
446;446;"cpu";"host496";"/api/device/16952/vitals/fs5260323/normalized_daily?duration=30d";"1";"host496";"2025-07-07 00:00:00";"host496";"2025-07-07 00:00:00"
447;447;"cpu";"host497";"/api/device/16952/vitals/fs5260334/normalized_daily?duration=30d";"1";"host497";"2025-07-07 00:00:00";"host497";"2025-07-07 00:00:00"
448;448;"cpu";"host498";"/api/device/16952/vitals/fs5260337/normalized_daily?duration=30d";"1";"host498";"2025-07-07 00:00:00";"host498";"2025-07-07 00:00:00"
449;449;"cpu";"host499";"/api/device/16957/performance_data/4915/normalized_daily?duration=30d";"1";"host499";"2025-07-08 00:00:00";"host499";"2025-07-08 00:00:00"
450;450;"cpu";"host500";"/api/device/16957/performance_data/4919/normalized_daily?duration=30d";"1";"host500";"2025-07-08 00:00:00";"host500";"2025-07-08 00:00:00"
451;451;"cpu";"host501";"/api/device/16957/vitals/fs5259815/normalized_daily?duration=30d";"1";"host501";"2025-07-08 00:00:00";"host501";"2025-07-08 00:00:00"
452;452;"cpu";"host502";"/api/device/16957/vitals/fs5259816/normalized_daily?duration=30d";"1";"host502";"2025-07-08 00:00:00";"host502";"2025-07-08 00:00:00"
453;453;"cpu";"host503";"/api/device/16957/vitals/fs5259817/normalized_daily?duration=30d";"1";"host503";"2025-07-08 00:00:00";"host503";"2025-07-08 00:00:00"
454;454;"cpu";"host504";"/api/device/16957/vitals/fs5259818/normalized_daily?duration=30d";"1";"host504";"2025-07-08 00:00:00";"host504";"2025-07-08 00:00:00"
455;455;"cpu";"host505";"/api/device/16957/vitals/fs5259819/normalized_daily?duration=30d";"1";"host505";"2025-07-08 00:00:00";"host505";"2025-07-08 00:00:00"
456;456;"cpu";"host506";"/api/device/16957/vitals/fs5259820/normalized_daily?duration=30d";"1";"host506";"2025-07-08 00:00:00";"host506";"2025-07-08 00:00:00"
457;457;"cpu";"host507";"/api/device/16957/vitals/fs5259823/normalized_daily?duration=30d";"1";"host507";"2025-07-08 00:00:00";"host507";"2025-07-08 00:00:00"
458;458;"cpu";"host508";"/api/device/16961/performance_data/4915/normalized_daily?duration=30d";"1";"host508";"2025-07-08 00:00:00";"host508";"2025-07-08 00:00:00"
459;459;"cpu";"host509";"/api/device/16961/performance_data/4919/normalized_daily?duration=30d";"1";"host509";"2025-07-08 00:00:00";"host509";"2025-07-08 00:00:00"
460;460;"cpu";"host510";"/api/device/16961/vitals/fs5198303/normalized_daily?duration=30d";"1";"host510";"2025-07-08 00:00:00";"host510";"2025-07-08 00:00:00"
461;461;"cpu";"host511";"/api/device/16961/vitals/fs5198315/normalized_daily?duration=30d";"1";"host511";"2025-07-08 00:00:00";"host511";"2025-07-08 00:00:00"
462;462;"cpu";"host512";"/api/device/16961/vitals/fs5198320/normalized_daily?duration=30d";"1";"host512";"2025-07-08 00:00:00";"host512";"2025-07-08 00:00:00"
463;463;"cpu";"host513";"/api/device/16961/vitals/fs5198325/normalized_daily?duration=30d";"1";"host513";"2025-07-08 00:00:00";"host513";"2025-07-08 00:00:00"
464;464;"cpu";"host514";"/api/device/16961/vitals/fs5198329/normalized_daily?duration=30d";"1";"host514";"2025-07-09 00:00:00";"host514";"2025-07-09 00:00:00"
465;465;"cpu";"host515";"/api/device/16961/vitals/fs5198331/normalized_daily?duration=30d";"1";"host515";"2025-07-09 00:00:00";"host515";"2025-07-09 00:00:00"
466;466;"cpu";"host516";"/api/device/16963/performance_data/4915/normalized_daily?duration=30d";"1";"host516";"2025-07-09 00:00:00";"host516";"2025-07-09 00:00:00"
467;467;"cpu";"host517";"/api/device/16963/performance_data/4919/normalized_daily?duration=30d";"1";"host517";"2025-07-09 00:00:00";"host517";"2025-07-09 00:00:00"
468;468;"cpu";"host518";"/api/device/16963/vitals/fs5260507/normalized_daily?duration=30d";"1";"host518";"2025-07-09 00:00:00";"host518";"2025-07-09 00:00:00"
469;469;"cpu";"host519";"/api/device/16963/vitals/fs5260515/normalized_daily?duration=30d";"1";"host519";"2025-07-09 00:00:00";"host519";"2025-07-09 00:00:00"
470;470;"cpu";"host520";"/api/device/16963/vitals/fs5260517/normalized_daily?duration=30d";"1";"host520";"2025-07-09 00:00:00";"host520";"2025-07-09 00:00:00"
471;471;"cpu";"host521";"/api/device/16963/vitals/fs5260518/normalized_daily?duration=30d";"1";"host521";"2025-07-09 00:00:00";"host521";"2025-07-09 00:00:00"
472;472;"cpu";"host522";"/api/device/16963/vitals/fs5260519/normalized_daily?duration=30d";"1";"host522";"2025-07-09 00:00:00";"host522";"2025-07-09 00:00:00"
473;473;"cpu";"host523";"/api/device/16963/vitals/fs5260520/normalized_daily?duration=30d";"1";"host523";"2025-07-09 00:00:00";"host523";"2025-07-09 00:00:00"
474;474;"cpu";"host524";"/api/device/16963/vitals/fs5260521/normalized_daily?duration=30d";"1";"host524";"2025-07-09 00:00:00";"host524";"2025-07-09 00:00:00"
475;475;"cpu";"host525";"/api/device/16963/vitals/fs5260522/normalized_daily?duration=30d";"1";"host525";"2025-07-09 00:00:00";"host525";"2025-07-09 00:00:00"
476;476;"cpu";"host526";"/api/device/16981/performance_data/4915/normalized_daily?duration=30d";"1";"host526";"2025-07-09 00:00:00";"host526";"2025-07-09 00:00:00"
477;477;"cpu";"host527";"/api/device/16981/performance_data/4919/normalized_daily?duration=30d";"1";"host527";"2025-07-09 00:00:00";"host527";"2025-07-09 00:00:00"
478;478;"cpu";"host528";"/api/device/16981/vitals/fs5198514/normalized_daily?duration=30d";"1";"host528";"2025-07-09 00:00:00";"host528";"2025-07-09 00:00:00"
479;479;"cpu";"host529";"/api/device/16981/vitals/fs5198517/normalized_daily?duration=30d";"1";"host529";"2025-07-10 00:00:00";"host529";"2025-07-10 00:00:00"
480;480;"cpu";"host530";"/api/device/16981/vitals/fs5198519/normalized_daily?duration=30d";"1";"host530";"2025-07-10 00:00:00";"host530";"2025-07-10 00:00:00"
481;481;"cpu";"host531";"/api/device/16984/performance_data/4915/normalized_daily?duration=30d";"1";"host531";"2025-07-10 00:00:00";"host531";"2025-07-10 00:00:00"
482;482;"cpu";"host532";"/api/device/16984/performance_data/4919/normalized_daily?duration=30d";"1";"host532";"2025-07-10 00:00:00";"host532";"2025-07-10 00:00:00"
483;483;"cpu";"host533";"/api/device/16984/vitals/fs5198153/normalized_daily?duration=30d";"1";"host533";"2025-07-10 00:00:00";"host533";"2025-07-10 00:00:00"
484;484;"cpu";"host534";"/api/device/16994/performance_data/4915/normalized_daily?duration=30d";"1";"host534";"2025-07-10 00:00:00";"host534";"2025-07-10 00:00:00"
485;485;"cpu";"host535";"/api/device/16994/performance_data/4919/normalized_daily?duration=30d";"1";"host535";"2025-07-10 00:00:00";"host535";"2025-07-10 00:00:00"
486;486;"cpu";"host536";"/api/device/16994/vitals/fs5259621/normalized_daily?duration=30d";"1";"host536";"2025-07-10 00:00:00";"host536";"2025-07-10 00:00:00"
487;487;"cpu";"host537";"/api/device/16994/vitals/fs5259627/normalized_daily?duration=30d";"1";"host537";"2025-07-10 00:00:00";"host537";"2025-07-10 00:00:00"
488;488;"cpu";"host538";"/api/device/16994/vitals/fs5259629/normalized_daily?duration=30d";"1";"host538";"2025-07-10 00:00:00";"host538";"2025-07-10 00:00:00"
489;489;"cpu";"host539";"/api/device/16994/vitals/fs18173411/normalized_daily?duration=30d";"1";"host539";"2025-07-10 00:00:00";"host539";"2025-07-10 00:00:00"
490;490;"cpu";"host540";"/api/device/16994/vitals/fs18387363/normalized_daily?duration=30d";"1";"host540";"2025-07-10 00:00:00";"host540";"2025-07-10 00:00:00"
491;491;"cpu";"host541";"/api/device/17010/performance_data/4915/normalized_daily?duration=30d";"1";"host541";"2025-07-10 00:00:00";"host541";"2025-07-10 00:00:00"
492;492;"cpu";"host542";"/api/device/17010/performance_data/4919/normalized_daily?duration=30d";"1";"host542";"2025-07-10 00:00:00";"host542";"2025-07-10 00:00:00"
493;493;"cpu";"host543";"/api/device/17010/vitals/fs5259618/normalized_daily?duration=30d";"1";"host543";"2025-07-10 00:00:00";"host543";"2025-07-10 00:00:00"
494;494;"cpu";"host544";"/api/device/17010/vitals/fs5259623/normalized_daily?duration=30d";"1";"host544";"2025-07-11 00:00:00";"host544";"2025-07-11 00:00:00"
495;495;"cpu";"host545";"/api/device/17010/vitals/fs5259626/normalized_daily?duration=30d";"1";"host545";"2025-07-11 00:00:00";"host545";"2025-07-11 00:00:00"
496;496;"cpu";"host546";"/api/device/17010/vitals/fs5259628/normalized_daily?duration=30d";"1";"host546";"2025-07-11 00:00:00";"host546";"2025-07-11 00:00:00"
497;497;"cpu";"host547";"/api/device/17070/performance_data/4915/normalized_daily?duration=30d";"1";"host547";"2025-07-11 00:00:00";"host547";"2025-07-11 00:00:00"
498;498;"cpu";"host548";"/api/device/17070/performance_data/4919/normalized_daily?duration=30d";"1";"host548";"2025-07-11 00:00:00";"host548";"2025-07-11 00:00:00"
499;499;"cpu";"host549";"/api/device/17070/vitals/fs5198203/normalized_daily?duration=30d";"1";"host549";"2025-07-11 00:00:00";"host549";"2025-07-11 00:00:00"
500;500;"cpu";"host550";"/api/device/17070/vitals/fs5198213/normalized_daily?duration=30d";"1";"host550";"2025-07-11 00:00:00";"host550";"2025-07-11 00:00:00"
501;501;"cpu";"host551";"/api/device/17070/vitals/fs5198232/normalized_daily?duration=30d";"1";"host551";"2025-07-11 00:00:00";"host551";"2025-07-11 00:00:00"
502;502;"cpu";"host552";"/api/device/17070/vitals/fs5198237/normalized_daily?duration=30d";"1";"host552";"2025-07-11 00:00:00";"host552";"2025-07-11 00:00:00"
503;503;"cpu";"host553";"/api/device/17076/performance_data/4915/normalized_daily?duration=30d";"1";"host553";"2025-07-11 00:00:00";"host553";"2025-07-11 00:00:00"
504;504;"cpu";"host554";"/api/device/17076/performance_data/4919/normalized_daily?duration=30d";"1";"host554";"2025-07-11 00:00:00";"host554";"2025-07-11 00:00:00"
505;1;"memory";"host51";"/api/device/18/performance_data/6003/normalized_daily?duration=30d";"1";"host51";"2025-06-08 00:00:00";"host51";"2025-06-08 00:00:00"
506;2;"memory";"host52";"/api/device/18/performance_data/5943/normalized_daily?duration=30d";"1";"host52";"2025-06-08 00:00:00";"host52";"2025-06-08 00:00:00"
507;3;"memory";"host53";"/api/device/18/vitals/fs5196894/normalized_daily?duration=30d";"1";"host53";"2025-06-08 00:00:00";"host53";"2025-06-08 00:00:00"
508;4;"memory";"host54";"/api/device/18/vitals/fs5196897/normalized_daily?duration=30d";"1";"host54";"2025-06-08 00:00:00";"host54";"2025-06-08 00:00:00"
509;5;"memory";"host55";"/api/device/18/vitals/fs5196907/normalized_daily?duration=30d";"1";"host55";"2025-06-08 00:00:00";"host55";"2025-06-08 00:00:00"
510;6;"memory";"host56";"/api/device/18/vitals/fs5196926/normalized_daily?duration=30d";"1";"host56";"2025-06-08 00:00:00";"host56";"2025-06-08 00:00:00"
511;7;"memory";"host57";"/api/device/18/vitals/fs5196930/normalized_daily?duration=30d";"1";"host57";"2025-06-08 00:00:00";"host57";"2025-06-08 00:00:00"
512;8;"memory";"host58";"/api/device/18/vitals/fs5196937/normalized_daily?duration=30d";"1";"host58";"2025-06-08 00:00:00";"host58";"2025-06-08 00:00:00"
513;9;"memory";"host59";"/api/device/18/vitals/fs5196939/normalized_daily?duration=30d";"1";"host59";"2025-06-08 00:00:00";"host59";"2025-06-08 00:00:00"
514;10;"memory";"host60";"/api/device/18/vitals/fs5196942/normalized_daily?duration=30d";"1";"host60";"2025-06-08 00:00:00";"host60";"2025-06-08 00:00:00"
515;11;"memory";"host61";"/api/device/18/vitals/fs5196947/normalized_daily?duration=30d";"1";"host61";"2025-06-08 00:00:00";"host61";"2025-06-08 00:00:00"
516;12;"memory";"host62";"/api/device/18/vitals/fs5196950/normalized_daily?duration=30d";"1";"host62";"2025-06-08 00:00:00";"host62";"2025-06-08 00:00:00"
517;13;"memory";"host63";"/api/device/18/vitals/fs5196951/normalized_daily?duration=30d";"1";"host63";"2025-06-08 00:00:00";"host63";"2025-06-08 00:00:00"
518;14;"memory";"host64";"/api/device/18/vitals/fs5196953/normalized_daily?duration=30d";"1";"host64";"2025-06-08 00:00:00";"host64";"2025-06-08 00:00:00"
519;15;"memory";"host65";"/api/device/18/vitals/fs5196957/normalized_daily?duration=30d";"1";"host65";"2025-06-08 00:00:00";"host65";"2025-06-08 00:00:00"
520;16;"memory";"host66";"/api/device/18/vitals/fs5196959/normalized_daily?duration=30d";"1";"host66";"2025-06-09 00:00:00";"host66";"2025-06-09 00:00:00"
521;17;"memory";"host67";"/api/device/18/vitals/fs5196960/normalized_daily?duration=30d";"1";"host67";"2025-06-09 00:00:00";"host67";"2025-06-09 00:00:00"
522;18;"memory";"host68";"/api/device/18/vitals/fs16274645/normalized_daily?duration=30d";"1";"host68";"2025-06-09 00:00:00";"host68";"2025-06-09 00:00:00"
523;19;"memory";"host69";"/api/device/18/vitals/fs16274646/normalized_daily?duration=30d";"1";"host69";"2025-06-09 00:00:00";"host69";"2025-06-09 00:00:00"
524;20;"memory";"host70";"/api/device/43/performance_data/6003/normalized_daily?duration=30d";"1";"host70";"2025-06-09 00:00:00";"host70";"2025-06-09 00:00:00"
525;21;"memory";"host71";"/api/device/43/performance_data/5943/normalized_daily?duration=30d";"1";"host71";"2025-06-09 00:00:00";"host71";"2025-06-09 00:00:00"
526;22;"memory";"host72";"/api/device/43/vitals/fs5195224/normalized_daily?duration=30d";"1";"host72";"2025-06-09 00:00:00";"host72";"2025-06-09 00:00:00"
527;23;"memory";"host73";"/api/device/43/vitals/fs5195228/normalized_daily?duration=30d";"1";"host73";"2025-06-09 00:00:00";"host73";"2025-06-09 00:00:00"
528;24;"memory";"host74";"/api/device/43/vitals/fs5195237/normalized_daily?duration=30d";"1";"host74";"2025-06-09 00:00:00";"host74";"2025-06-09 00:00:00"
529;25;"memory";"host75";"/api/device/43/vitals/fs5195240/normalized_daily?duration=30d";"1";"host75";"2025-06-09 00:00:00";"host75";"2025-06-09 00:00:00"
530;26;"memory";"host76";"/api/device/43/vitals/fs5195253/normalized_daily?duration=30d";"1";"host76";"2025-06-09 00:00:00";"host76";"2025-06-09 00:00:00"
531;27;"memory";"host77";"/api/device/43/vitals/fs5195262/normalized_daily?duration=30d";"1";"host77";"2025-06-09 00:00:00";"host77";"2025-06-09 00:00:00"
532;28;"memory";"host78";"/api/device/43/vitals/fs5195266/normalized_daily?duration=30d";"1";"host78";"2025-06-09 00:00:00";"host78";"2025-06-09 00:00:00"
533;29;"memory";"host79";"/api/device/43/vitals/fs5195277/normalized_daily?duration=30d";"1";"host79";"2025-06-09 00:00:00";"host79";"2025-06-09 00:00:00"
534;30;"memory";"host80";"/api/device/43/vitals/fs5195287/normalized_daily?duration=30d";"1";"host80";"2025-06-09 00:00:00";"host80";"2025-06-09 00:00:00"
535;31;"memory";"host81";"/api/device/43/vitals/fs6815688/normalized_daily?duration=30d";"1";"host81";"2025-06-10 00:00:00";"host81";"2025-06-10 00:00:00"
536;32;"memory";"host82";"/api/device/43/vitals/fs17911037/normalized_daily?duration=30d";"1";"host82";"2025-06-10 00:00:00";"host82";"2025-06-10 00:00:00"
537;33;"memory";"host83";"/api/device/43/vitals/fs17911038/normalized_daily?duration=30d";"1";"host83";"2025-06-10 00:00:00";"host83";"2025-06-10 00:00:00"
538;34;"memory";"host84";"/api/device/43/vitals/fs17911039/normalized_daily?duration=30d";"1";"host84";"2025-06-10 00:00:00";"host84";"2025-06-10 00:00:00"
539;35;"memory";"host85";"/api/device/43/vitals/fs17911042/normalized_daily?duration=30d";"1";"host85";"2025-06-10 00:00:00";"host85";"2025-06-10 00:00:00"
540;36;"memory";"host86";"/api/device/153/performance_data/6003/normalized_daily?duration=30d";"1";"host86";"2025-06-10 00:00:00";"host86";"2025-06-10 00:00:00"
541;37;"memory";"host87";"/api/device/153/performance_data/5943/normalized_daily?duration=30d";"1";"host87";"2025-06-10 00:00:00";"host87";"2025-06-10 00:00:00"
542;38;"memory";"host88";"/api/device/153/vitals/fs5199322/normalized_daily?duration=30d";"1";"host88";"2025-06-10 00:00:00";"host88";"2025-06-10 00:00:00"
543;39;"memory";"host89";"/api/device/153/vitals/fs5199332/normalized_daily?duration=30d";"1";"host89";"2025-06-10 00:00:00";"host89";"2025-06-10 00:00:00"
544;40;"memory";"host90";"/api/device/153/vitals/fs5199366/normalized_daily?duration=30d";"1";"host90";"2025-06-10 00:00:00";"host90";"2025-06-10 00:00:00"
545;41;"memory";"host91";"/api/device/153/vitals/fs5199371/normalized_daily?duration=30d";"1";"host91";"2025-06-10 00:00:00";"host91";"2025-06-10 00:00:00"
546;42;"memory";"host92";"/api/device/153/vitals/fs5199407/normalized_daily?duration=30d";"1";"host92";"2025-06-10 00:00:00";"host92";"2025-06-10 00:00:00"
547;43;"memory";"host93";"/api/device/153/vitals/fs5199418/normalized_daily?duration=30d";"1";"host93";"2025-06-10 00:00:00";"host93";"2025-06-10 00:00:00"
548;44;"memory";"host94";"/api/device/153/vitals/fs5199447/normalized_daily?duration=30d";"1";"host94";"2025-06-10 00:00:00";"host94";"2025-06-10 00:00:00"
549;45;"memory";"host95";"/api/device/153/vitals/fs5199458/normalized_daily?duration=30d";"1";"host95";"2025-06-10 00:00:00";"host95";"2025-06-10 00:00:00"
550;46;"memory";"host96";"/api/device/153/vitals/fs5199462/normalized_daily?duration=30d";"1";"host96";"2025-06-11 00:00:00";"host96";"2025-06-11 00:00:00"
551;47;"memory";"host97";"/api/device/153/vitals/fs5199464/normalized_daily?duration=30d";"1";"host97";"2025-06-11 00:00:00";"host97";"2025-06-11 00:00:00"
552;48;"memory";"host98";"/api/device/153/vitals/fs6888581/normalized_daily?duration=30d";"1";"host98";"2025-06-11 00:00:00";"host98";"2025-06-11 00:00:00"
553;49;"memory";"host99";"/api/device/153/vitals/fs7457259/normalized_daily?duration=30d";"1";"host99";"2025-06-11 00:00:00";"host99";"2025-06-11 00:00:00"
554;50;"memory";"host100";"/api/device/153/vitals/fs10449316/normalized_daily?duration=30d";"1";"host100";"2025-06-11 00:00:00";"host100";"2025-06-11 00:00:00"
555;51;"memory";"host101";"/api/device/153/vitals/fs10977083/normalized_daily?duration=30d";"1";"host101";"2025-06-11 00:00:00";"host101";"2025-06-11 00:00:00"
556;52;"memory";"host102";"/api/device/153/vitals/fs16317088/normalized_daily?duration=30d";"1";"host102";"2025-06-11 00:00:00";"host102";"2025-06-11 00:00:00"
557;53;"memory";"host103";"/api/device/153/vitals/fs16317089/normalized_daily?duration=30d";"1";"host103";"2025-06-11 00:00:00";"host103";"2025-06-11 00:00:00"
558;54;"memory";"host104";"/api/device/153/vitals/fs18403542/normalized_daily?duration=30d";"1";"host104";"2025-06-11 00:00:00";"host104";"2025-06-11 00:00:00"
559;55;"memory";"host105";"/api/device/155/performance_data/6003/normalized_daily?duration=30d";"1";"host105";"2025-06-11 00:00:00";"host105";"2025-06-11 00:00:00"
560;56;"memory";"host106";"/api/device/155/performance_data/5943/normalized_daily?duration=30d";"1";"host106";"2025-06-11 00:00:00";"host106";"2025-06-11 00:00:00"
561;57;"memory";"host107";"/api/device/155/vitals/fs6796772/normalized_daily?duration=30d";"1";"host107";"2025-06-11 00:00:00";"host107";"2025-06-11 00:00:00"
562;58;"memory";"host108";"/api/device/155/vitals/fs6796773/normalized_daily?duration=30d";"1";"host108";"2025-06-11 00:00:00";"host108";"2025-06-11 00:00:00"
563;59;"memory";"host109";"/api/device/155/vitals/fs6796776/normalized_daily?duration=30d";"1";"host109";"2025-06-11 00:00:00";"host109";"2025-06-11 00:00:00"
564;60;"memory";"host110";"/api/device/155/vitals/fs6796777/normalized_daily?duration=30d";"1";"host110";"2025-06-11 00:00:00";"host110";"2025-06-11 00:00:00"
565;61;"memory";"host111";"/api/device/155/vitals/fs6796779/normalized_daily?duration=30d";"1";"host111";"2025-06-12 00:00:00";"host111";"2025-06-12 00:00:00"
566;62;"memory";"host112";"/api/device/155/vitals/fs6796780/normalized_daily?duration=30d";"1";"host112";"2025-06-12 00:00:00";"host112";"2025-06-12 00:00:00"
567;63;"memory";"host113";"/api/device/155/vitals/fs6796781/normalized_daily?duration=30d";"1";"host113";"2025-06-12 00:00:00";"host113";"2025-06-12 00:00:00"
568;64;"memory";"host114";"/api/device/155/vitals/fs6796783/normalized_daily?duration=30d";"1";"host114";"2025-06-12 00:00:00";"host114";"2025-06-12 00:00:00"
569;65;"memory";"host115";"/api/device/155/vitals/fs6796784/normalized_daily?duration=30d";"1";"host115";"2025-06-12 00:00:00";"host115";"2025-06-12 00:00:00"
570;66;"memory";"host116";"/api/device/155/vitals/fs6796786/normalized_daily?duration=30d";"1";"host116";"2025-06-12 00:00:00";"host116";"2025-06-12 00:00:00"
571;67;"memory";"host117";"/api/device/155/vitals/fs6796787/normalized_daily?duration=30d";"1";"host117";"2025-06-12 00:00:00";"host117";"2025-06-12 00:00:00"
572;68;"memory";"host118";"/api/device/155/vitals/fs6796789/normalized_daily?duration=30d";"1";"host118";"2025-06-12 00:00:00";"host118";"2025-06-12 00:00:00"
573;69;"memory";"host119";"/api/device/155/vitals/fs6796791/normalized_daily?duration=30d";"1";"host119";"2025-06-12 00:00:00";"host119";"2025-06-12 00:00:00"
574;70;"memory";"host120";"/api/device/155/vitals/fs6796792/normalized_daily?duration=30d";"1";"host120";"2025-06-12 00:00:00";"host120";"2025-06-12 00:00:00"
575;71;"memory";"host121";"/api/device/155/vitals/fs6796793/normalized_daily?duration=30d";"1";"host121";"2025-06-12 00:00:00";"host121";"2025-06-12 00:00:00"
576;72;"memory";"host122";"/api/device/155/vitals/fs6796795/normalized_daily?duration=30d";"1";"host122";"2025-06-12 00:00:00";"host122";"2025-06-12 00:00:00"
577;73;"memory";"host123";"/api/device/155/vitals/fs6796797/normalized_daily?duration=30d";"1";"host123";"2025-06-12 00:00:00";"host123";"2025-06-12 00:00:00"
578;74;"memory";"host124";"/api/device/155/vitals/fs6883428/normalized_daily?duration=30d";"1";"host124";"2025-06-12 00:00:00";"host124";"2025-06-12 00:00:00"
579;75;"memory";"host125";"/api/device/155/vitals/fs16178618/normalized_daily?duration=30d";"1";"host125";"2025-06-12 00:00:00";"host125";"2025-06-12 00:00:00"
580;76;"memory";"host126";"/api/device/155/vitals/fs16178619/normalized_daily?duration=30d";"1";"host126";"2025-06-13 00:00:00";"host126";"2025-06-13 00:00:00"
581;77;"memory";"host127";"/api/device/166/performance_data/6003/normalized_daily?duration=30d";"1";"host127";"2025-06-13 00:00:00";"host127";"2025-06-13 00:00:00"
582;78;"memory";"host128";"/api/device/166/performance_data/5943/normalized_daily?duration=30d";"1";"host128";"2025-06-13 00:00:00";"host128";"2025-06-13 00:00:00"
583;79;"memory";"host129";"/api/device/166/vitals/fs6785795/normalized_daily?duration=30d";"1";"host129";"2025-06-13 00:00:00";"host129";"2025-06-13 00:00:00"
584;80;"memory";"host130";"/api/device/166/vitals/fs6785798/normalized_daily?duration=30d";"1";"host130";"2025-06-13 00:00:00";"host130";"2025-06-13 00:00:00"
585;81;"memory";"host131";"/api/device/166/vitals/fs6785799/normalized_daily?duration=30d";"1";"host131";"2025-06-13 00:00:00";"host131";"2025-06-13 00:00:00"
586;82;"memory";"host132";"/api/device/166/vitals/fs6785800/normalized_daily?duration=30d";"1";"host132";"2025-06-13 00:00:00";"host132";"2025-06-13 00:00:00"
587;83;"memory";"host133";"/api/device/166/vitals/fs6785801/normalized_daily?duration=30d";"1";"host133";"2025-06-13 00:00:00";"host133";"2025-06-13 00:00:00"
588;84;"memory";"host134";"/api/device/166/vitals/fs6785802/normalized_daily?duration=30d";"1";"host134";"2025-06-13 00:00:00";"host134";"2025-06-13 00:00:00"
589;85;"memory";"host135";"/api/device/166/vitals/fs6785803/normalized_daily?duration=30d";"1";"host135";"2025-06-13 00:00:00";"host135";"2025-06-13 00:00:00"
590;86;"memory";"host136";"/api/device/166/vitals/fs6785804/normalized_daily?duration=30d";"1";"host136";"2025-06-13 00:00:00";"host136";"2025-06-13 00:00:00"
591;87;"memory";"host137";"/api/device/166/vitals/fs6785805/normalized_daily?duration=30d";"1";"host137";"2025-06-13 00:00:00";"host137";"2025-06-13 00:00:00"
592;88;"memory";"host138";"/api/device/166/vitals/fs6785808/normalized_daily?duration=30d";"1";"host138";"2025-06-13 00:00:00";"host138";"2025-06-13 00:00:00"
593;89;"memory";"host139";"/api/device/166/vitals/fs6785809/normalized_daily?duration=30d";"1";"host139";"2025-06-13 00:00:00";"host139";"2025-06-13 00:00:00"
594;90;"memory";"host140";"/api/device/166/vitals/fs6785810/normalized_daily?duration=30d";"1";"host140";"2025-06-13 00:00:00";"host140";"2025-06-13 00:00:00"
595;91;"memory";"host141";"/api/device/166/vitals/fs6785812/normalized_daily?duration=30d";"1";"host141";"2025-06-14 00:00:00";"host141";"2025-06-14 00:00:00"
596;92;"memory";"host142";"/api/device/166/vitals/fs6785814/normalized_daily?duration=30d";"1";"host142";"2025-06-14 00:00:00";"host142";"2025-06-14 00:00:00"
597;93;"memory";"host143";"/api/device/166/vitals/fs6785815/normalized_daily?duration=30d";"1";"host143";"2025-06-14 00:00:00";"host143";"2025-06-14 00:00:00"
598;94;"memory";"host144";"/api/device/166/vitals/fs6785816/normalized_daily?duration=30d";"1";"host144";"2025-06-14 00:00:00";"host144";"2025-06-14 00:00:00"
599;95;"memory";"host145";"/api/device/166/vitals/fs6785817/normalized_daily?duration=30d";"1";"host145";"2025-06-14 00:00:00";"host145";"2025-06-14 00:00:00"
600;96;"memory";"host146";"/api/device/166/vitals/fs7004223/normalized_daily?duration=30d";"1";"host146";"2025-06-14 00:00:00";"host146";"2025-06-14 00:00:00"
601;97;"memory";"host147";"/api/device/166/vitals/fs7004224/normalized_daily?duration=30d";"1";"host147";"2025-06-14 00:00:00";"host147";"2025-06-14 00:00:00"
602;98;"memory";"host148";"/api/device/166/vitals/fs16277933/normalized_daily?duration=30d";"1";"host148";"2025-06-14 00:00:00";"host148";"2025-06-14 00:00:00"
603;99;"memory";"host149";"/api/device/166/vitals/fs16277937/normalized_daily?duration=30d";"1";"host149";"2025-06-14 00:00:00";"host149";"2025-06-14 00:00:00"
604;100;"memory";"host150";"/api/device/181/performance_data/6003/normalized_daily?duration=30d";"1";"host150";"2025-06-14 00:00:00";"host150";"2025-06-14 00:00:00"
605;101;"memory";"host151";"/api/device/181/performance_data/5943/normalized_daily?duration=30d";"1";"host151";"2025-06-14 00:00:00";"host151";"2025-06-14 00:00:00"
606;102;"memory";"host152";"/api/device/181/vitals/fs5199957/normalized_daily?duration=30d";"1";"host152";"2025-06-14 00:00:00";"host152";"2025-06-14 00:00:00"
607;103;"memory";"host153";"/api/device/181/vitals/fs5199964/normalized_daily?duration=30d";"1";"host153";"2025-06-14 00:00:00";"host153";"2025-06-14 00:00:00"
608;104;"memory";"host154";"/api/device/181/vitals/fs5199970/normalized_daily?duration=30d";"1";"host154";"2025-06-14 00:00:00";"host154";"2025-06-14 00:00:00"
609;105;"memory";"host155";"/api/device/181/vitals/fs5199974/normalized_daily?duration=30d";"1";"host155";"2025-06-14 00:00:00";"host155";"2025-06-14 00:00:00"
610;106;"memory";"host156";"/api/device/181/vitals/fs5199977/normalized_daily?duration=30d";"1";"host156";"2025-06-15 00:00:00";"host156";"2025-06-15 00:00:00"
611;107;"memory";"host157";"/api/device/181/vitals/fs5199982/normalized_daily?duration=30d";"1";"host157";"2025-06-15 00:00:00";"host157";"2025-06-15 00:00:00"
612;108;"memory";"host158";"/api/device/181/vitals/fs5199986/normalized_daily?duration=30d";"1";"host158";"2025-06-15 00:00:00";"host158";"2025-06-15 00:00:00"
613;109;"memory";"host159";"/api/device/181/vitals/fs5199989/normalized_daily?duration=30d";"1";"host159";"2025-06-15 00:00:00";"host159";"2025-06-15 00:00:00"
614;110;"memory";"host160";"/api/device/181/vitals/fs5199991/normalized_daily?duration=30d";"1";"host160";"2025-06-15 00:00:00";"host160";"2025-06-15 00:00:00"
615;111;"memory";"host161";"/api/device/181/vitals/fs5200010/normalized_daily?duration=30d";"1";"host161";"2025-06-15 00:00:00";"host161";"2025-06-15 00:00:00"
616;112;"memory";"host162";"/api/device/181/vitals/fs5200018/normalized_daily?duration=30d";"1";"host162";"2025-06-15 00:00:00";"host162";"2025-06-15 00:00:00"
617;113;"memory";"host163";"/api/device/181/vitals/fs5200027/normalized_daily?duration=30d";"1";"host163";"2025-06-15 00:00:00";"host163";"2025-06-15 00:00:00"
618;114;"memory";"host164";"/api/device/181/vitals/fs5200028/normalized_daily?duration=30d";"1";"host164";"2025-06-15 00:00:00";"host164";"2025-06-15 00:00:00"
619;115;"memory";"host165";"/api/device/181/vitals/fs5200044/normalized_daily?duration=30d";"1";"host165";"2025-06-15 00:00:00";"host165";"2025-06-15 00:00:00"
620;116;"memory";"host166";"/api/device/181/vitals/fs16302764/normalized_daily?duration=30d";"1";"host166";"2025-06-15 00:00:00";"host166";"2025-06-15 00:00:00"
621;117;"memory";"host167";"/api/device/181/vitals/fs16302765/normalized_daily?duration=30d";"1";"host167";"2025-06-15 00:00:00";"host167";"2025-06-15 00:00:00"
622;118;"memory";"host168";"/api/device/190/performance_data/6003/normalized_daily?duration=30d";"1";"host168";"2025-06-15 00:00:00";"host168";"2025-06-15 00:00:00"
623;119;"memory";"host169";"/api/device/190/performance_data/5943/normalized_daily?duration=30d";"1";"host169";"2025-06-15 00:00:00";"host169";"2025-06-15 00:00:00"
624;120;"memory";"host170";"/api/device/190/vitals/fs5199748/normalized_daily?duration=30d";"1";"host170";"2025-06-15 00:00:00";"host170";"2025-06-15 00:00:00"
625;121;"memory";"host171";"/api/device/190/vitals/fs5199760/normalized_daily?duration=30d";"1";"host171";"2025-06-16 00:00:00";"host171";"2025-06-16 00:00:00"
626;122;"memory";"host172";"/api/device/190/vitals/fs5199775/normalized_daily?duration=30d";"1";"host172";"2025-06-16 00:00:00";"host172";"2025-06-16 00:00:00"
627;123;"memory";"host173";"/api/device/190/vitals/fs5199783/normalized_daily?duration=30d";"1";"host173";"2025-06-16 00:00:00";"host173";"2025-06-16 00:00:00"
628;124;"memory";"host174";"/api/device/190/vitals/fs5199790/normalized_daily?duration=30d";"1";"host174";"2025-06-16 00:00:00";"host174";"2025-06-16 00:00:00"
629;125;"memory";"host175";"/api/device/190/vitals/fs5199809/normalized_daily?duration=30d";"1";"host175";"2025-06-16 00:00:00";"host175";"2025-06-16 00:00:00"
630;126;"memory";"host176";"/api/device/190/vitals/fs5199830/normalized_daily?duration=30d";"1";"host176";"2025-06-16 00:00:00";"host176";"2025-06-16 00:00:00"
631;127;"memory";"host177";"/api/device/190/vitals/fs5199839/normalized_daily?duration=30d";"1";"host177";"2025-06-16 00:00:00";"host177";"2025-06-16 00:00:00"
632;128;"memory";"host178";"/api/device/190/vitals/fs5199849/normalized_daily?duration=30d";"1";"host178";"2025-06-16 00:00:00";"host178";"2025-06-16 00:00:00"
633;129;"memory";"host179";"/api/device/190/vitals/fs5199865/normalized_daily?duration=30d";"1";"host179";"2025-06-16 00:00:00";"host179";"2025-06-16 00:00:00"
634;130;"memory";"host180";"/api/device/190/vitals/fs5199874/normalized_daily?duration=30d";"1";"host180";"2025-06-16 00:00:00";"host180";"2025-06-16 00:00:00"
635;131;"memory";"host181";"/api/device/190/vitals/fs5199877/normalized_daily?duration=30d";"1";"host181";"2025-06-16 00:00:00";"host181";"2025-06-16 00:00:00"
636;132;"memory";"host182";"/api/device/190/vitals/fs7187977/normalized_daily?duration=30d";"1";"host182";"2025-06-16 00:00:00";"host182";"2025-06-16 00:00:00"
637;133;"memory";"host183";"/api/device/190/vitals/fs7187978/normalized_daily?duration=30d";"1";"host183";"2025-06-16 00:00:00";"host183";"2025-06-16 00:00:00"
638;134;"memory";"host184";"/api/device/190/vitals/fs16426565/normalized_daily?duration=30d";"1";"host184";"2025-06-16 00:00:00";"host184";"2025-06-16 00:00:00"
639;135;"memory";"host185";"/api/device/190/vitals/fs18396187/normalized_daily?duration=30d";"1";"host185";"2025-06-16 00:00:00";"host185";"2025-06-16 00:00:00"
640;136;"memory";"host186";"/api/device/197/performance_data/6003/normalized_daily?duration=30d";"1";"host186";"2025-06-17 00:00:00";"host186";"2025-06-17 00:00:00"
641;137;"memory";"host187";"/api/device/197/performance_data/5943/normalized_daily?duration=30d";"1";"host187";"2025-06-17 00:00:00";"host187";"2025-06-17 00:00:00"
642;138;"memory";"host188";"/api/device/197/vitals/fs5218809/normalized_daily?duration=30d";"1";"host188";"2025-06-17 00:00:00";"host188";"2025-06-17 00:00:00"
643;139;"memory";"host189";"/api/device/197/vitals/fs5218810/normalized_daily?duration=30d";"1";"host189";"2025-06-17 00:00:00";"host189";"2025-06-17 00:00:00"
644;140;"memory";"host190";"/api/device/197/vitals/fs5218812/normalized_daily?duration=30d";"1";"host190";"2025-06-17 00:00:00";"host190";"2025-06-17 00:00:00"
645;141;"memory";"host191";"/api/device/197/vitals/fs5218813/normalized_daily?duration=30d";"1";"host191";"2025-06-17 00:00:00";"host191";"2025-06-17 00:00:00"
646;142;"memory";"host192";"/api/device/197/vitals/fs5218814/normalized_daily?duration=30d";"1";"host192";"2025-06-17 00:00:00";"host192";"2025-06-17 00:00:00"
647;143;"memory";"host193";"/api/device/197/vitals/fs5218815/normalized_daily?duration=30d";"1";"host193";"2025-06-17 00:00:00";"host193";"2025-06-17 00:00:00"
648;144;"memory";"host194";"/api/device/197/vitals/fs5218816/normalized_daily?duration=30d";"1";"host194";"2025-06-17 00:00:00";"host194";"2025-06-17 00:00:00"
649;145;"memory";"host195";"/api/device/197/vitals/fs5218817/normalized_daily?duration=30d";"1";"host195";"2025-06-17 00:00:00";"host195";"2025-06-17 00:00:00"
650;146;"memory";"host196";"/api/device/197/vitals/fs5218821/normalized_daily?duration=30d";"1";"host196";"2025-06-17 00:00:00";"host196";"2025-06-17 00:00:00"
651;147;"memory";"host197";"/api/device/197/vitals/fs5218822/normalized_daily?duration=30d";"1";"host197";"2025-06-17 00:00:00";"host197";"2025-06-17 00:00:00"
652;148;"memory";"host198";"/api/device/197/vitals/fs5218823/normalized_daily?duration=30d";"1";"host198";"2025-06-17 00:00:00";"host198";"2025-06-17 00:00:00"
653;149;"memory";"host199";"/api/device/197/vitals/fs5218825/normalized_daily?duration=30d";"1";"host199";"2025-06-17 00:00:00";"host199";"2025-06-17 00:00:00"
654;150;"memory";"host200";"/api/device/197/vitals/fs5218826/normalized_daily?duration=30d";"1";"host200";"2025-06-17 00:00:00";"host200";"2025-06-17 00:00:00"
655;151;"memory";"host201";"/api/device/197/vitals/fs16302838/normalized_daily?duration=30d";"1";"host201";"2025-06-18 00:00:00";"host201";"2025-06-18 00:00:00"
656;152;"memory";"host202";"/api/device/197/vitals/fs16302839/normalized_daily?duration=30d";"1";"host202";"2025-06-18 00:00:00";"host202";"2025-06-18 00:00:00"
657;153;"memory";"host203";"/api/device/197/vitals/fs16429915/normalized_daily?duration=30d";"1";"host203";"2025-06-18 00:00:00";"host203";"2025-06-18 00:00:00"
658;154;"memory";"host204";"/api/device/209/performance_data/6003/normalized_daily?duration=30d";"1";"host204";"2025-06-18 00:00:00";"host204";"2025-06-18 00:00:00"
659;155;"memory";"host205";"/api/device/209/performance_data/5943/normalized_daily?duration=30d";"1";"host205";"2025-06-18 00:00:00";"host205";"2025-06-18 00:00:00"
660;156;"memory";"host206";"/api/device/209/vitals/fs5648088/normalized_daily?duration=30d";"1";"host206";"2025-06-18 00:00:00";"host206";"2025-06-18 00:00:00"
661;157;"memory";"host207";"/api/device/209/vitals/fs5648090/normalized_daily?duration=30d";"1";"host207";"2025-06-18 00:00:00";"host207";"2025-06-18 00:00:00"
662;158;"memory";"host208";"/api/device/209/vitals/fs5648091/normalized_daily?duration=30d";"1";"host208";"2025-06-18 00:00:00";"host208";"2025-06-18 00:00:00"
663;159;"memory";"host209";"/api/device/209/vitals/fs5648092/normalized_daily?duration=30d";"1";"host209";"2025-06-18 00:00:00";"host209";"2025-06-18 00:00:00"
664;160;"memory";"host210";"/api/device/209/vitals/fs5648093/normalized_daily?duration=30d";"1";"host210";"2025-06-18 00:00:00";"host210";"2025-06-18 00:00:00"
665;161;"memory";"host211";"/api/device/209/vitals/fs5648100/normalized_daily?duration=30d";"1";"host211";"2025-06-18 00:00:00";"host211";"2025-06-18 00:00:00"
666;162;"memory";"host212";"/api/device/209/vitals/fs5648102/normalized_daily?duration=30d";"1";"host212";"2025-06-18 00:00:00";"host212";"2025-06-18 00:00:00"
667;163;"memory";"host213";"/api/device/209/vitals/fs5648103/normalized_daily?duration=30d";"1";"host213";"2025-06-18 00:00:00";"host213";"2025-06-18 00:00:00"
668;164;"memory";"host214";"/api/device/209/vitals/fs5648105/normalized_daily?duration=30d";"1";"host214";"2025-06-18 00:00:00";"host214";"2025-06-18 00:00:00"
669;165;"memory";"host215";"/api/device/209/vitals/fs7187994/normalized_daily?duration=30d";"1";"host215";"2025-06-18 00:00:00";"host215";"2025-06-18 00:00:00"
670;166;"memory";"host216";"/api/device/209/vitals/fs18218806/normalized_daily?duration=30d";"1";"host216";"2025-06-19 00:00:00";"host216";"2025-06-19 00:00:00"
671;167;"memory";"host217";"/api/device/209/vitals/fs18218809/normalized_daily?duration=30d";"1";"host217";"2025-06-19 00:00:00";"host217";"2025-06-19 00:00:00"
672;168;"memory";"host218";"/api/device/209/vitals/fs18218812/normalized_daily?duration=30d";"1";"host218";"2025-06-19 00:00:00";"host218";"2025-06-19 00:00:00"
673;169;"memory";"host219";"/api/device/209/vitals/fs18366501/normalized_daily?duration=30d";"1";"host219";"2025-06-19 00:00:00";"host219";"2025-06-19 00:00:00"
674;170;"memory";"host220";"/api/device/209/vitals/fs18366502/normalized_daily?duration=30d";"1";"host220";"2025-06-19 00:00:00";"host220";"2025-06-19 00:00:00"
675;171;"memory";"host221";"/api/device/961/performance_data/4915/normalized_daily?duration=30d";"1";"host221";"2025-06-19 00:00:00";"host221";"2025-06-19 00:00:00"
676;172;"memory";"host222";"/api/device/961/performance_data/4919/normalized_daily?duration=30d";"1";"host222";"2025-06-19 00:00:00";"host222";"2025-06-19 00:00:00"
677;173;"memory";"host223";"/api/device/961/vitals/fs5295662/normalized_daily?duration=30d";"1";"host223";"2025-06-19 00:00:00";"host223";"2025-06-19 00:00:00"
678;174;"memory";"host224";"/api/device/961/vitals/fs5295663/normalized_daily?duration=30d";"1";"host224";"2025-06-19 00:00:00";"host224";"2025-06-19 00:00:00"
679;175;"memory";"host225";"/api/device/961/vitals/fs5295664/normalized_daily?duration=30d";"1";"host225";"2025-06-19 00:00:00";"host225";"2025-06-19 00:00:00"
680;176;"memory";"host226";"/api/device/961/vitals/fs5295665/normalized_daily?duration=30d";"1";"host226";"2025-06-19 00:00:00";"host226";"2025-06-19 00:00:00"
681;177;"memory";"host227";"/api/device/1345/performance_data/4915/normalized_daily?duration=30d";"1";"host227";"2025-06-19 00:00:00";"host227";"2025-06-19 00:00:00"
682;178;"memory";"host228";"/api/device/1345/performance_data/4919/normalized_daily?duration=30d";"1";"host228";"2025-06-19 00:00:00";"host228";"2025-06-19 00:00:00"
683;179;"memory";"host229";"/api/device/1345/vitals/fs5295780/normalized_daily?duration=30d";"1";"host229";"2025-06-19 00:00:00";"host229";"2025-06-19 00:00:00"
684;180;"memory";"host230";"/api/device/1429/performance_data/4915/normalized_daily?duration=30d";"1";"host230";"2025-06-19 00:00:00";"host230";"2025-06-19 00:00:00"
685;181;"memory";"host231";"/api/device/1429/performance_data/4919/normalized_daily?duration=30d";"1";"host231";"2025-06-20 00:00:00";"host231";"2025-06-20 00:00:00"
686;182;"memory";"host232";"/api/device/1429/vitals/fs5295702/normalized_daily?duration=30d";"1";"host232";"2025-06-20 00:00:00";"host232";"2025-06-20 00:00:00"
687;183;"memory";"host233";"/api/device/1429/vitals/fs5295703/normalized_daily?duration=30d";"1";"host233";"2025-06-20 00:00:00";"host233";"2025-06-20 00:00:00"
688;184;"memory";"host234";"/api/device/1429/vitals/fs5295706/normalized_daily?duration=30d";"1";"host234";"2025-06-20 00:00:00";"host234";"2025-06-20 00:00:00"
689;185;"memory";"host235";"/api/device/1429/vitals/fs5295708/normalized_daily?duration=30d";"1";"host235";"2025-06-20 00:00:00";"host235";"2025-06-20 00:00:00"
690;186;"memory";"host236";"/api/device/1429/vitals/fs5295710/normalized_daily?duration=30d";"1";"host236";"2025-06-20 00:00:00";"host236";"2025-06-20 00:00:00"
691;187;"memory";"host237";"/api/device/1429/vitals/fs5295712/normalized_daily?duration=30d";"1";"host237";"2025-06-20 00:00:00";"host237";"2025-06-20 00:00:00"
692;188;"memory";"host238";"/api/device/2579/performance_data/4915/normalized_daily?duration=30d";"1";"host238";"2025-06-20 00:00:00";"host238";"2025-06-20 00:00:00"
693;189;"memory";"host239";"/api/device/2579/performance_data/4919/normalized_daily?duration=30d";"1";"host239";"2025-06-20 00:00:00";"host239";"2025-06-20 00:00:00"
694;190;"memory";"host240";"/api/device/2579/vitals/fs5295788/normalized_daily?duration=30d";"1";"host240";"2025-06-20 00:00:00";"host240";"2025-06-20 00:00:00"
695;191;"memory";"host241";"/api/device/2579/vitals/fs5295789/normalized_daily?duration=30d";"1";"host241";"2025-06-20 00:00:00";"host241";"2025-06-20 00:00:00"
696;192;"memory";"host242";"/api/device/2579/vitals/fs5295790/normalized_daily?duration=30d";"1";"host242";"2025-06-20 00:00:00";"host242";"2025-06-20 00:00:00"
697;193;"memory";"host243";"/api/device/2579/vitals/fs5295793/normalized_daily?duration=30d";"1";"host243";"2025-06-20 00:00:00";"host243";"2025-06-20 00:00:00"
698;194;"memory";"host244";"/api/device/4096/performance_data/4915/normalized_daily?duration=30d";"1";"host244";"2025-06-20 00:00:00";"host244";"2025-06-20 00:00:00"
699;195;"memory";"host245";"/api/device/4096/performance_data/4919/normalized_daily?duration=30d";"1";"host245";"2025-06-21 00:00:00";"host245";"2025-06-21 00:00:00"
700;196;"memory";"host246";"/api/device/4096/vitals/fs5295853/normalized_daily?duration=30d";"1";"host246";"2025-06-21 00:00:00";"host246";"2025-06-21 00:00:00"
701;197;"memory";"host247";"/api/device/4096/vitals/fs5295855/normalized_daily?duration=30d";"1";"host247";"2025-06-21 00:00:00";"host247";"2025-06-21 00:00:00"
702;198;"memory";"host248";"/api/device/4096/vitals/fs5295856/normalized_daily?duration=30d";"1";"host248";"2025-06-21 00:00:00";"host248";"2025-06-21 00:00:00"
703;199;"memory";"host249";"/api/device/4096/vitals/fs5295857/normalized_daily?duration=30d";"1";"host249";"2025-06-21 00:00:00";"host249";"2025-06-21 00:00:00"
704;200;"memory";"host250";"/api/device/4096/vitals/fs8986317/normalized_daily?duration=30d";"1";"host250";"2025-06-21 00:00:00";"host250";"2025-06-21 00:00:00"
705;201;"memory";"host251";"/api/device/4096/vitals/fs8986319/normalized_daily?duration=30d";"1";"host251";"2025-06-21 00:00:00";"host251";"2025-06-21 00:00:00"
706;202;"memory";"host252";"/api/device/4096/vitals/fs8986320/normalized_daily?duration=30d";"1";"host252";"2025-06-21 00:00:00";"host252";"2025-06-21 00:00:00"
707;203;"memory";"host253";"/api/device/4096/vitals/fs8988899/normalized_daily?duration=30d";"1";"host253";"2025-06-21 00:00:00";"host253";"2025-06-21 00:00:00"
708;204;"memory";"host254";"/api/device/4096/vitals/fs8988900/normalized_daily?duration=30d";"1";"host254";"2025-06-21 00:00:00";"host254";"2025-06-21 00:00:00"
709;205;"memory";"host255";"/api/device/4096/vitals/fs8988901/normalized_daily?duration=30d";"1";"host255";"2025-06-21 00:00:00";"host255";"2025-06-21 00:00:00"
710;206;"memory";"host256";"/api/device/4096/vitals/fs8988902/normalized_daily?duration=30d";"1";"host256";"2025-06-21 00:00:00";"host256";"2025-06-21 00:00:00"
711;207;"memory";"host257";"/api/device/4096/vitals/fs8988903/normalized_daily?duration=30d";"1";"host257";"2025-06-21 00:00:00";"host257";"2025-06-21 00:00:00"
712;208;"memory";"host258";"/api/device/4096/vitals/fs8988905/normalized_daily?duration=30d";"1";"host258";"2025-06-21 00:00:00";"host258";"2025-06-21 00:00:00"
713;209;"memory";"host259";"/api/device/4096/vitals/fs8993902/normalized_daily?duration=30d";"1";"host259";"2025-06-22 00:00:00";"host259";"2025-06-22 00:00:00"
714;210;"memory";"host260";"/api/device/4096/vitals/fs8993903/normalized_daily?duration=30d";"1";"host260";"2025-06-22 00:00:00";"host260";"2025-06-22 00:00:00"
715;211;"memory";"host261";"/api/device/4096/vitals/fs8993904/normalized_daily?duration=30d";"1";"host261";"2025-06-22 00:00:00";"host261";"2025-06-22 00:00:00"
716;212;"memory";"host262";"/api/device/4096/vitals/fs8993905/normalized_daily?duration=30d";"1";"host262";"2025-06-22 00:00:00";"host262";"2025-06-22 00:00:00"
717;213;"memory";"host263";"/api/device/4096/vitals/fs8993906/normalized_daily?duration=30d";"1";"host263";"2025-06-22 00:00:00";"host263";"2025-06-22 00:00:00"
718;214;"memory";"host264";"/api/device/4230/performance_data/4915/normalized_daily?duration=30d";"1";"host264";"2025-06-22 00:00:00";"host264";"2025-06-22 00:00:00"
719;215;"memory";"host265";"/api/device/4230/performance_data/4919/normalized_daily?duration=30d";"1";"host265";"2025-06-22 00:00:00";"host265";"2025-06-22 00:00:00"
720;216;"memory";"host266";"/api/device/4230/vitals/fs5295840/normalized_daily?duration=30d";"1";"host266";"2025-06-22 00:00:00";"host266";"2025-06-22 00:00:00"
721;217;"memory";"host267";"/api/device/4230/vitals/fs5295841/normalized_daily?duration=30d";"1";"host267";"2025-06-22 00:00:00";"host267";"2025-06-22 00:00:00"
722;218;"memory";"host268";"/api/device/4230/vitals/fs18207749/normalized_daily?duration=30d";"1";"host268";"2025-06-22 00:00:00";"host268";"2025-06-22 00:00:00"
723;219;"memory";"host269";"/api/device/4230/vitals/fs18207751/normalized_daily?duration=30d";"1";"host269";"2025-06-22 00:00:00";"host269";"2025-06-22 00:00:00"
724;220;"memory";"host270";"/api/device/4230/vitals/fs18207752/normalized_daily?duration=30d";"1";"host270";"2025-06-22 00:00:00";"host270";"2025-06-22 00:00:00"
725;221;"memory";"host271";"/api/device/4230/vitals/fs18207753/normalized_daily?duration=30d";"1";"host271";"2025-06-22 00:00:00";"host271";"2025-06-22 00:00:00"
726;222;"memory";"host272";"/api/device/4230/vitals/fs18207754/normalized_daily?duration=30d";"1";"host272";"2025-06-22 00:00:00";"host272";"2025-06-22 00:00:00"
727;223;"memory";"host273";"/api/device/4230/vitals/fs18207755/normalized_daily?duration=30d";"1";"host273";"2025-06-22 00:00:00";"host273";"2025-06-22 00:00:00"
728;224;"memory";"host274";"/api/device/4230/vitals/fs18387628/normalized_daily?duration=30d";"1";"host274";"2025-06-23 00:00:00";"host274";"2025-06-23 00:00:00"
729;225;"memory";"host275";"/api/device/4230/vitals/fs18642877/normalized_daily?duration=30d";"1";"host275";"2025-06-23 00:00:00";"host275";"2025-06-23 00:00:00"
730;226;"memory";"host276";"/api/device/12675/performance_data/4915/normalized_daily?duration=30d";"1";"host276";"2025-06-23 00:00:00";"host276";"2025-06-23 00:00:00"
731;227;"memory";"host277";"/api/device/12675/performance_data/4919/normalized_daily?duration=30d";"1";"host277";"2025-06-23 00:00:00";"host277";"2025-06-23 00:00:00"
732;228;"memory";"host278";"/api/device/12675/vitals/fs1193242/normalized_daily?duration=30d";"1";"host278";"2025-06-23 00:00:00";"host278";"2025-06-23 00:00:00"
733;229;"memory";"host279";"/api/device/12675/vitals/fs1193245/normalized_daily?duration=30d";"1";"host279";"2025-06-23 00:00:00";"host279";"2025-06-23 00:00:00"
734;230;"memory";"host280";"/api/device/12675/vitals/fs1193247/normalized_daily?duration=30d";"1";"host280";"2025-06-23 00:00:00";"host280";"2025-06-23 00:00:00"
735;231;"memory";"host281";"/api/device/12928/performance_data/4915/normalized_daily?duration=30d";"1";"host281";"2025-06-23 00:00:00";"host281";"2025-06-23 00:00:00"
736;232;"memory";"host282";"/api/device/12928/performance_data/4919/normalized_daily?duration=30d";"1";"host282";"2025-06-23 00:00:00";"host282";"2025-06-23 00:00:00"
737;233;"memory";"host283";"/api/device/12928/vitals/fs5986657/normalized_daily?duration=30d";"1";"host283";"2025-06-23 00:00:00";"host283";"2025-06-23 00:00:00"
738;234;"memory";"host284";"/api/device/12928/vitals/fs5986659/normalized_daily?duration=30d";"1";"host284";"2025-06-23 00:00:00";"host284";"2025-06-23 00:00:00"
739;235;"memory";"host285";"/api/device/12928/vitals/fs15001607/normalized_daily?duration=30d";"1";"host285";"2025-06-23 00:00:00";"host285";"2025-06-23 00:00:00"
740;236;"memory";"host286";"/api/device/12978/performance_data/4915/normalized_daily?duration=30d";"1";"host286";"2025-06-23 00:00:00";"host286";"2025-06-23 00:00:00"
741;237;"memory";"host287";"/api/device/12978/performance_data/4919/normalized_daily?duration=30d";"1";"host287";"2025-06-23 00:00:00";"host287";"2025-06-23 00:00:00"
742;238;"memory";"host288";"/api/device/12978/vitals/fs6121112/normalized_daily?duration=30d";"1";"host288";"2025-06-23 00:00:00";"host288";"2025-06-23 00:00:00"
743;239;"memory";"host289";"/api/device/12979/performance_data/4915/normalized_daily?duration=30d";"1";"host289";"2025-06-24 00:00:00";"host289";"2025-06-24 00:00:00"
744;240;"memory";"host290";"/api/device/12979/performance_data/4919/normalized_daily?duration=30d";"1";"host290";"2025-06-24 00:00:00";"host290";"2025-06-24 00:00:00"
745;241;"memory";"host291";"/api/device/12979/vitals/fs6121107/normalized_daily?duration=30d";"1";"host291";"2025-06-24 00:00:00";"host291";"2025-06-24 00:00:00"
746;242;"memory";"host292";"/api/device/13016/performance_data/4915/normalized_daily?duration=30d";"1";"host292";"2025-06-24 00:00:00";"host292";"2025-06-24 00:00:00"
747;243;"memory";"host293";"/api/device/13016/performance_data/4919/normalized_daily?duration=30d";"1";"host293";"2025-06-24 00:00:00";"host293";"2025-06-24 00:00:00"
748;244;"memory";"host294";"/api/device/13016/vitals/fs1191099/normalized_daily?duration=30d";"1";"host294";"2025-06-24 00:00:00";"host294";"2025-06-24 00:00:00"
749;245;"memory";"host295";"/api/device/13016/vitals/fs1191109/normalized_daily?duration=30d";"1";"host295";"2025-06-24 00:00:00";"host295";"2025-06-24 00:00:00"
750;246;"memory";"host296";"/api/device/13030/performance_data/4915/normalized_daily?duration=30d";"1";"host296";"2025-06-24 00:00:00";"host296";"2025-06-24 00:00:00"
751;247;"memory";"host297";"/api/device/13030/performance_data/4919/normalized_daily?duration=30d";"1";"host297";"2025-06-24 00:00:00";"host297";"2025-06-24 00:00:00"
752;248;"memory";"host298";"/api/device/13030/vitals/fs1190909/normalized_daily?duration=30d";"1";"host298";"2025-06-24 00:00:00";"host298";"2025-06-24 00:00:00"
753;249;"memory";"host299";"/api/device/13030/vitals/fs1190913/normalized_daily?duration=30d";"1";"host299";"2025-06-24 00:00:00";"host299";"2025-06-24 00:00:00"
754;250;"memory";"host300";"/api/device/13030/vitals/fs1190915/normalized_daily?duration=30d";"1";"host300";"2025-06-24 00:00:00";"host300";"2025-06-24 00:00:00"
755;251;"memory";"host301";"/api/device/13046/performance_data/4915/normalized_daily?duration=30d";"1";"host301";"2025-06-24 00:00:00";"host301";"2025-06-24 00:00:00"
756;252;"memory";"host302";"/api/device/13046/performance_data/4919/normalized_daily?duration=30d";"1";"host302";"2025-06-24 00:00:00";"host302";"2025-06-24 00:00:00"
757;253;"memory";"host303";"/api/device/13046/vitals/fs1191695/normalized_daily?duration=30d";"1";"host303";"2025-06-24 00:00:00";"host303";"2025-06-24 00:00:00"
758;254;"memory";"host304";"/api/device/13046/vitals/fs1191698/normalized_daily?duration=30d";"1";"host304";"2025-06-25 00:00:00";"host304";"2025-06-25 00:00:00"
759;255;"memory";"host305";"/api/device/13046/vitals/fs1191701/normalized_daily?duration=30d";"1";"host305";"2025-06-25 00:00:00";"host305";"2025-06-25 00:00:00"
760;256;"memory";"host306";"/api/device/13070/performance_data/4915/normalized_daily?duration=30d";"1";"host306";"2025-06-25 00:00:00";"host306";"2025-06-25 00:00:00"
761;257;"memory";"host307";"/api/device/13070/performance_data/4919/normalized_daily?duration=30d";"1";"host307";"2025-06-25 00:00:00";"host307";"2025-06-25 00:00:00"
762;258;"memory";"host308";"/api/device/13070/vitals/fs1191788/normalized_daily?duration=30d";"1";"host308";"2025-06-25 00:00:00";"host308";"2025-06-25 00:00:00"
763;259;"memory";"host309";"/api/device/13070/vitals/fs1191793/normalized_daily?duration=30d";"1";"host309";"2025-06-25 00:00:00";"host309";"2025-06-25 00:00:00"
764;260;"memory";"host310";"/api/device/13070/vitals/fs1191811/normalized_daily?duration=30d";"1";"host310";"2025-06-25 00:00:00";"host310";"2025-06-25 00:00:00"
765;261;"memory";"host311";"/api/device/13070/vitals/fs1191815/normalized_daily?duration=30d";"1";"host311";"2025-06-25 00:00:00";"host311";"2025-06-25 00:00:00"
766;262;"memory";"host312";"/api/device/13070/vitals/fs17196402/normalized_daily?duration=30d";"1";"host312";"2025-06-25 00:00:00";"host312";"2025-06-25 00:00:00"
767;263;"memory";"host313";"/api/device/13082/performance_data/4915/normalized_daily?duration=30d";"1";"host313";"2025-06-25 00:00:00";"host313";"2025-06-25 00:00:00"
768;264;"memory";"host314";"/api/device/13082/performance_data/4919/normalized_daily?duration=30d";"1";"host314";"2025-06-25 00:00:00";"host314";"2025-06-25 00:00:00"
769;265;"memory";"host315";"/api/device/13082/vitals/fs1191755/normalized_daily?duration=30d";"1";"host315";"2025-06-25 00:00:00";"host315";"2025-06-25 00:00:00"
770;266;"memory";"host316";"/api/device/13082/vitals/fs1191758/normalized_daily?duration=30d";"1";"host316";"2025-06-25 00:00:00";"host316";"2025-06-25 00:00:00"
771;267;"memory";"host317";"/api/device/13092/performance_data/4915/normalized_daily?duration=30d";"1";"host317";"2025-06-25 00:00:00";"host317";"2025-06-25 00:00:00"
772;268;"memory";"host318";"/api/device/13092/performance_data/4919/normalized_daily?duration=30d";"1";"host318";"2025-06-25 00:00:00";"host318";"2025-06-25 00:00:00"
773;269;"memory";"host319";"/api/device/13092/vitals/fs5986681/normalized_daily?duration=30d";"1";"host319";"2025-06-26 00:00:00";"host319";"2025-06-26 00:00:00"
774;270;"memory";"host320";"/api/device/13092/vitals/fs5986682/normalized_daily?duration=30d";"1";"host320";"2025-06-26 00:00:00";"host320";"2025-06-26 00:00:00"
775;271;"memory";"host321";"/api/device/13092/vitals/fs5986684/normalized_daily?duration=30d";"1";"host321";"2025-06-26 00:00:00";"host321";"2025-06-26 00:00:00"
776;272;"memory";"host322";"/api/device/13092/vitals/fs5986685/normalized_daily?duration=30d";"1";"host322";"2025-06-26 00:00:00";"host322";"2025-06-26 00:00:00"
777;273;"memory";"host323";"/api/device/13092/vitals/fs5986686/normalized_daily?duration=30d";"1";"host323";"2025-06-26 00:00:00";"host323";"2025-06-26 00:00:00"
778;274;"memory";"host324";"/api/device/13092/vitals/fs5986688/normalized_daily?duration=30d";"1";"host324";"2025-06-26 00:00:00";"host324";"2025-06-26 00:00:00"
779;275;"memory";"host325";"/api/device/13169/performance_data/4915/normalized_daily?duration=30d";"1";"host325";"2025-06-26 00:00:00";"host325";"2025-06-26 00:00:00"
780;276;"memory";"host326";"/api/device/13169/performance_data/4919/normalized_daily?duration=30d";"1";"host326";"2025-06-26 00:00:00";"host326";"2025-06-26 00:00:00"
781;277;"memory";"host327";"/api/device/13177/performance_data/4915/normalized_daily?duration=30d";"1";"host327";"2025-06-26 00:00:00";"host327";"2025-06-26 00:00:00"
782;278;"memory";"host328";"/api/device/13177/performance_data/4919/normalized_daily?duration=30d";"1";"host328";"2025-06-26 00:00:00";"host328";"2025-06-26 00:00:00"
783;279;"memory";"host329";"/api/device/13177/vitals/fs8896728/normalized_daily?duration=30d";"1";"host329";"2025-06-26 00:00:00";"host329";"2025-06-26 00:00:00"
784;280;"memory";"host330";"/api/device/13177/vitals/fs8896737/normalized_daily?duration=30d";"1";"host330";"2025-06-26 00:00:00";"host330";"2025-06-26 00:00:00"
785;281;"memory";"host331";"/api/device/13177/vitals/fs13784088/normalized_daily?duration=30d";"1";"host331";"2025-06-26 00:00:00";"host331";"2025-06-26 00:00:00"
786;282;"memory";"host332";"/api/device/13177/vitals/fs17616258/normalized_daily?duration=30d";"1";"host332";"2025-06-26 00:00:00";"host332";"2025-06-26 00:00:00"
787;283;"memory";"host333";"/api/device/13177/vitals/fs18366271/normalized_daily?duration=30d";"1";"host333";"2025-06-26 00:00:00";"host333";"2025-06-26 00:00:00"
788;284;"memory";"host334";"/api/device/13184/performance_data/4915/normalized_daily?duration=30d";"1";"host334";"2025-06-27 00:00:00";"host334";"2025-06-27 00:00:00"
789;285;"memory";"host335";"/api/device/13184/performance_data/4919/normalized_daily?duration=30d";"1";"host335";"2025-06-27 00:00:00";"host335";"2025-06-27 00:00:00"
790;286;"memory";"host336";"/api/device/13184/vitals/fs8896787/normalized_daily?duration=30d";"1";"host336";"2025-06-27 00:00:00";"host336";"2025-06-27 00:00:00"
791;287;"memory";"host337";"/api/device/13184/vitals/fs8896788/normalized_daily?duration=30d";"1";"host337";"2025-06-27 00:00:00";"host337";"2025-06-27 00:00:00"
792;288;"memory";"host338";"/api/device/13184/vitals/fs8896789/normalized_daily?duration=30d";"1";"host338";"2025-06-27 00:00:00";"host338";"2025-06-27 00:00:00"
793;289;"memory";"host339";"/api/device/14854/performance_data/6003/normalized_daily?duration=30d";"1";"host339";"2025-06-27 00:00:00";"host339";"2025-06-27 00:00:00"
794;290;"memory";"host340";"/api/device/14854/performance_data/5943/normalized_daily?duration=30d";"1";"host340";"2025-06-27 00:00:00";"host340";"2025-06-27 00:00:00"
795;291;"memory";"host341";"/api/device/14854/vitals/fs5282139/normalized_daily?duration=30d";"1";"host341";"2025-06-27 00:00:00";"host341";"2025-06-27 00:00:00"
796;292;"memory";"host342";"/api/device/14854/vitals/fs5282142/normalized_daily?duration=30d";"1";"host342";"2025-06-27 00:00:00";"host342";"2025-06-27 00:00:00"
797;293;"memory";"host343";"/api/device/14854/vitals/fs5282143/normalized_daily?duration=30d";"1";"host343";"2025-06-27 00:00:00";"host343";"2025-06-27 00:00:00"
798;294;"memory";"host344";"/api/device/14854/vitals/fs5282144/normalized_daily?duration=30d";"1";"host344";"2025-06-27 00:00:00";"host344";"2025-06-27 00:00:00"
799;295;"memory";"host345";"/api/device/14854/vitals/fs5282148/normalized_daily?duration=30d";"1";"host345";"2025-06-27 00:00:00";"host345";"2025-06-27 00:00:00"
800;296;"memory";"host346";"/api/device/14854/vitals/fs5282150/normalized_daily?duration=30d";"1";"host346";"2025-06-27 00:00:00";"host346";"2025-06-27 00:00:00"
801;297;"memory";"host347";"/api/device/14854/vitals/fs5282151/normalized_daily?duration=30d";"1";"host347";"2025-06-27 00:00:00";"host347";"2025-06-27 00:00:00"
802;298;"memory";"host348";"/api/device/14854/vitals/fs5282153/normalized_daily?duration=30d";"1";"host348";"2025-06-27 00:00:00";"host348";"2025-06-27 00:00:00"
803;299;"memory";"host349";"/api/device/14854/vitals/fs5282155/normalized_daily?duration=30d";"1";"host349";"2025-06-28 00:00:00";"host349";"2025-06-28 00:00:00"
804;300;"memory";"host350";"/api/device/14854/vitals/fs5282156/normalized_daily?duration=30d";"1";"host350";"2025-06-28 00:00:00";"host350";"2025-06-28 00:00:00"
805;301;"memory";"host351";"/api/device/14854/vitals/fs7187991/normalized_daily?duration=30d";"1";"host351";"2025-06-28 00:00:00";"host351";"2025-06-28 00:00:00"
806;302;"memory";"host352";"/api/device/14854/vitals/fs12044954/normalized_daily?duration=30d";"1";"host352";"2025-06-28 00:00:00";"host352";"2025-06-28 00:00:00"
807;303;"memory";"host353";"/api/device/14854/vitals/fs12044956/normalized_daily?duration=30d";"1";"host353";"2025-06-28 00:00:00";"host353";"2025-06-28 00:00:00"
808;304;"memory";"host354";"/api/device/14854/vitals/fs12044958/normalized_daily?duration=30d";"1";"host354";"2025-06-28 00:00:00";"host354";"2025-06-28 00:00:00"
809;305;"memory";"host355";"/api/device/14854/vitals/fs16332381/normalized_daily?duration=30d";"1";"host355";"2025-06-28 00:00:00";"host355";"2025-06-28 00:00:00"
810;306;"memory";"host356";"/api/device/14854/vitals/fs16332382/normalized_daily?duration=30d";"1";"host356";"2025-06-28 00:00:00";"host356";"2025-06-28 00:00:00"
811;307;"memory";"host357";"/api/device/15764/performance_data/4915/normalized_daily?duration=30d";"1";"host357";"2025-06-28 00:00:00";"host357";"2025-06-28 00:00:00"
812;308;"memory";"host358";"/api/device/15764/performance_data/4919/normalized_daily?duration=30d";"1";"host358";"2025-06-28 00:00:00";"host358";"2025-06-28 00:00:00"
813;309;"memory";"host359";"/api/device/15764/vitals/fs5178671/normalized_daily?duration=30d";"1";"host359";"2025-06-28 00:00:00";"host359";"2025-06-28 00:00:00"
814;310;"memory";"host360";"/api/device/15764/vitals/fs5178675/normalized_daily?duration=30d";"1";"host360";"2025-06-28 00:00:00";"host360";"2025-06-28 00:00:00"
815;311;"memory";"host361";"/api/device/15767/performance_data/4915/normalized_daily?duration=30d";"1";"host361";"2025-06-28 00:00:00";"host361";"2025-06-28 00:00:00"
816;312;"memory";"host362";"/api/device/15767/performance_data/4919/normalized_daily?duration=30d";"1";"host362";"2025-06-28 00:00:00";"host362";"2025-06-28 00:00:00"
817;313;"memory";"host363";"/api/device/15767/vitals/fs5179016/normalized_daily?duration=30d";"1";"host363";"2025-06-28 00:00:00";"host363";"2025-06-28 00:00:00"
818;314;"memory";"host364";"/api/device/15767/vitals/fs5179017/normalized_daily?duration=30d";"1";"host364";"2025-06-29 00:00:00";"host364";"2025-06-29 00:00:00"
819;315;"memory";"host365";"/api/device/15767/vitals/fs5179020/normalized_daily?duration=30d";"1";"host365";"2025-06-29 00:00:00";"host365";"2025-06-29 00:00:00"
820;316;"memory";"host366";"/api/device/15767/vitals/fs5179021/normalized_daily?duration=30d";"1";"host366";"2025-06-29 00:00:00";"host366";"2025-06-29 00:00:00"
821;317;"memory";"host367";"/api/device/15767/vitals/fs5179022/normalized_daily?duration=30d";"1";"host367";"2025-06-29 00:00:00";"host367";"2025-06-29 00:00:00"
822;318;"memory";"host368";"/api/device/15803/performance_data/4915/normalized_daily?duration=30d";"1";"host368";"2025-06-29 00:00:00";"host368";"2025-06-29 00:00:00"
823;319;"memory";"host369";"/api/device/15803/performance_data/4919/normalized_daily?duration=30d";"1";"host369";"2025-06-29 00:00:00";"host369";"2025-06-29 00:00:00"
824;320;"memory";"host370";"/api/device/15803/vitals/fs5178485/normalized_daily?duration=30d";"1";"host370";"2025-06-29 00:00:00";"host370";"2025-06-29 00:00:00"
825;321;"memory";"host371";"/api/device/15803/vitals/fs5178493/normalized_daily?duration=30d";"1";"host371";"2025-06-29 00:00:00";"host371";"2025-06-29 00:00:00"
826;322;"memory";"host372";"/api/device/15803/vitals/fs5178497/normalized_daily?duration=30d";"1";"host372";"2025-06-29 00:00:00";"host372";"2025-06-29 00:00:00"
827;323;"memory";"host373";"/api/device/16638/performance_data/4915/normalized_daily?duration=30d";"1";"host373";"2025-06-29 00:00:00";"host373";"2025-06-29 00:00:00"
828;324;"memory";"host374";"/api/device/16638/performance_data/4919/normalized_daily?duration=30d";"1";"host374";"2025-06-29 00:00:00";"host374";"2025-06-29 00:00:00"
829;325;"memory";"host375";"/api/device/16638/vitals/fs6139485/normalized_daily?duration=30d";"1";"host375";"2025-06-29 00:00:00";"host375";"2025-06-29 00:00:00"
830;326;"memory";"host376";"/api/device/16638/vitals/fs6139487/normalized_daily?duration=30d";"1";"host376";"2025-06-29 00:00:00";"host376";"2025-06-29 00:00:00"
831;327;"memory";"host377";"/api/device/16638/vitals/fs6139488/normalized_daily?duration=30d";"1";"host377";"2025-06-29 00:00:00";"host377";"2025-06-29 00:00:00"
832;328;"memory";"host378";"/api/device/16638/vitals/fs6139489/normalized_daily?duration=30d";"1";"host378";"2025-06-29 00:00:00";"host378";"2025-06-29 00:00:00"
833;329;"memory";"host379";"/api/device/16638/vitals/fs6139491/normalized_daily?duration=30d";"1";"host379";"2025-06-30 00:00:00";"host379";"2025-06-30 00:00:00"
834;330;"memory";"host380";"/api/device/16638/vitals/fs6139492/normalized_daily?duration=30d";"1";"host380";"2025-06-30 00:00:00";"host380";"2025-06-30 00:00:00"
835;331;"memory";"host381";"/api/device/16638/vitals/fs6139493/normalized_daily?duration=30d";"1";"host381";"2025-06-30 00:00:00";"host381";"2025-06-30 00:00:00"
836;332;"memory";"host382";"/api/device/16638/vitals/fs6139494/normalized_daily?duration=30d";"1";"host382";"2025-06-30 00:00:00";"host382";"2025-06-30 00:00:00"
837;333;"memory";"host383";"/api/device/16638/vitals/fs15524504/normalized_daily?duration=30d";"1";"host383";"2025-06-30 00:00:00";"host383";"2025-06-30 00:00:00"
838;334;"memory";"host384";"/api/device/16654/performance_data/4915/normalized_daily?duration=30d";"1";"host384";"2025-06-30 00:00:00";"host384";"2025-06-30 00:00:00"
839;335;"memory";"host385";"/api/device/16654/performance_data/4919/normalized_daily?duration=30d";"1";"host385";"2025-06-30 00:00:00";"host385";"2025-06-30 00:00:00"
840;336;"memory";"host386";"/api/device/16654/vitals/fs5198264/normalized_daily?duration=30d";"1";"host386";"2025-06-30 00:00:00";"host386";"2025-06-30 00:00:00"
841;337;"memory";"host387";"/api/device/16654/vitals/fs5198277/normalized_daily?duration=30d";"1";"host387";"2025-06-30 00:00:00";"host387";"2025-06-30 00:00:00"
842;338;"memory";"host388";"/api/device/16654/vitals/fs5198285/normalized_daily?duration=30d";"1";"host388";"2025-06-30 00:00:00";"host388";"2025-06-30 00:00:00"
843;339;"memory";"host389";"/api/device/16681/performance_data/4915/normalized_daily?duration=30d";"1";"host389";"2025-06-30 00:00:00";"host389";"2025-06-30 00:00:00"
844;340;"memory";"host390";"/api/device/16681/performance_data/4919/normalized_daily?duration=30d";"1";"host390";"2025-06-30 00:00:00";"host390";"2025-06-30 00:00:00"
845;341;"memory";"host391";"/api/device/16681/vitals/fs5196538/normalized_daily?duration=30d";"1";"host391";"2025-06-30 00:00:00";"host391";"2025-06-30 00:00:00"
846;342;"memory";"host392";"/api/device/16681/vitals/fs5196540/normalized_daily?duration=30d";"1";"host392";"2025-06-30 00:00:00";"host392";"2025-06-30 00:00:00"
847;343;"memory";"host393";"/api/device/16681/vitals/fs5196547/normalized_daily?duration=30d";"1";"host393";"2025-06-30 00:00:00";"host393";"2025-06-30 00:00:00"
848;344;"memory";"host394";"/api/device/16702/performance_data/4915/normalized_daily?duration=30d";"1";"host394";"2025-07-01 00:00:00";"host394";"2025-07-01 00:00:00"
849;345;"memory";"host395";"/api/device/16702/performance_data/4919/normalized_daily?duration=30d";"1";"host395";"2025-07-01 00:00:00";"host395";"2025-07-01 00:00:00"
850;346;"memory";"host396";"/api/device/16702/vitals/fs5198207/normalized_daily?duration=30d";"1";"host396";"2025-07-01 00:00:00";"host396";"2025-07-01 00:00:00"
851;347;"memory";"host397";"/api/device/16702/vitals/fs5198216/normalized_daily?duration=30d";"1";"host397";"2025-07-01 00:00:00";"host397";"2025-07-01 00:00:00"
852;348;"memory";"host398";"/api/device/16721/performance_data/4915/normalized_daily?duration=30d";"1";"host398";"2025-07-01 00:00:00";"host398";"2025-07-01 00:00:00"
853;349;"memory";"host399";"/api/device/16721/performance_data/4919/normalized_daily?duration=30d";"1";"host399";"2025-07-01 00:00:00";"host399";"2025-07-01 00:00:00"
854;350;"memory";"host400";"/api/device/16721/vitals/fs5198529/normalized_daily?duration=30d";"1";"host400";"2025-07-01 00:00:00";"host400";"2025-07-01 00:00:00"
855;351;"memory";"host401";"/api/device/16721/vitals/fs5198553/normalized_daily?duration=30d";"1";"host401";"2025-07-01 00:00:00";"host401";"2025-07-01 00:00:00"
856;352;"memory";"host402";"/api/device/16741/performance_data/4915/normalized_daily?duration=30d";"1";"host402";"2025-07-01 00:00:00";"host402";"2025-07-01 00:00:00"
857;353;"memory";"host403";"/api/device/16741/performance_data/4919/normalized_daily?duration=30d";"1";"host403";"2025-07-01 00:00:00";"host403";"2025-07-01 00:00:00"
858;354;"memory";"host404";"/api/device/16741/vitals/fs5260396/normalized_daily?duration=30d";"1";"host404";"2025-07-01 00:00:00";"host404";"2025-07-01 00:00:00"
859;355;"memory";"host405";"/api/device/16741/vitals/fs5260397/normalized_daily?duration=30d";"1";"host405";"2025-07-01 00:00:00";"host405";"2025-07-01 00:00:00"
860;356;"memory";"host406";"/api/device/16741/vitals/fs5260398/normalized_daily?duration=30d";"1";"host406";"2025-07-01 00:00:00";"host406";"2025-07-01 00:00:00"
861;357;"memory";"host407";"/api/device/16741/vitals/fs5260399/normalized_daily?duration=30d";"1";"host407";"2025-07-01 00:00:00";"host407";"2025-07-01 00:00:00"
862;358;"memory";"host408";"/api/device/16741/vitals/fs5260400/normalized_daily?duration=30d";"1";"host408";"2025-07-01 00:00:00";"host408";"2025-07-01 00:00:00"
863;359;"memory";"host409";"/api/device/16741/vitals/fs5260401/normalized_daily?duration=30d";"1";"host409";"2025-07-02 00:00:00";"host409";"2025-07-02 00:00:00"
864;360;"memory";"host410";"/api/device/16741/vitals/fs5260402/normalized_daily?duration=30d";"1";"host410";"2025-07-02 00:00:00";"host410";"2025-07-02 00:00:00"
865;361;"memory";"host411";"/api/device/16741/vitals/fs5260403/normalized_daily?duration=30d";"1";"host411";"2025-07-02 00:00:00";"host411";"2025-07-02 00:00:00"
866;362;"memory";"host412";"/api/device/16742/performance_data/4915/normalized_daily?duration=30d";"1";"host412";"2025-07-02 00:00:00";"host412";"2025-07-02 00:00:00"
867;363;"memory";"host413";"/api/device/16742/performance_data/4919/normalized_daily?duration=30d";"1";"host413";"2025-07-02 00:00:00";"host413";"2025-07-02 00:00:00"
868;364;"memory";"host414";"/api/device/16742/vitals/fs5198665/normalized_daily?duration=30d";"1";"host414";"2025-07-02 00:00:00";"host414";"2025-07-02 00:00:00"
869;365;"memory";"host415";"/api/device/16742/vitals/fs5198668/normalized_daily?duration=30d";"1";"host415";"2025-07-02 00:00:00";"host415";"2025-07-02 00:00:00"
870;366;"memory";"host416";"/api/device/16755/performance_data/4915/normalized_daily?duration=30d";"1";"host416";"2025-07-02 00:00:00";"host416";"2025-07-02 00:00:00"
871;367;"memory";"host417";"/api/device/16755/performance_data/4919/normalized_daily?duration=30d";"1";"host417";"2025-07-02 00:00:00";"host417";"2025-07-02 00:00:00"
872;368;"memory";"host418";"/api/device/16755/vitals/fs5259659/normalized_daily?duration=30d";"1";"host418";"2025-07-02 00:00:00";"host418";"2025-07-02 00:00:00"
873;369;"memory";"host419";"/api/device/16755/vitals/fs5259660/normalized_daily?duration=30d";"1";"host419";"2025-07-02 00:00:00";"host419";"2025-07-02 00:00:00"
874;370;"memory";"host420";"/api/device/16755/vitals/fs5259661/normalized_daily?duration=30d";"1";"host420";"2025-07-02 00:00:00";"host420";"2025-07-02 00:00:00"
875;371;"memory";"host421";"/api/device/16755/vitals/fs5259662/normalized_daily?duration=30d";"1";"host421";"2025-07-02 00:00:00";"host421";"2025-07-02 00:00:00"
876;372;"memory";"host422";"/api/device/16755/vitals/fs5259663/normalized_daily?duration=30d";"1";"host422";"2025-07-02 00:00:00";"host422";"2025-07-02 00:00:00"
877;373;"memory";"host423";"/api/device/16755/vitals/fs5259664/normalized_daily?duration=30d";"1";"host423";"2025-07-02 00:00:00";"host423";"2025-07-02 00:00:00"
878;374;"memory";"host424";"/api/device/16755/vitals/fs5259666/normalized_daily?duration=30d";"1";"host424";"2025-07-03 00:00:00";"host424";"2025-07-03 00:00:00"
879;375;"memory";"host425";"/api/device/16755/vitals/fs5259670/normalized_daily?duration=30d";"1";"host425";"2025-07-03 00:00:00";"host425";"2025-07-03 00:00:00"
880;376;"memory";"host426";"/api/device/16755/vitals/fs5259673/normalized_daily?duration=30d";"1";"host426";"2025-07-03 00:00:00";"host426";"2025-07-03 00:00:00"
881;377;"memory";"host427";"/api/device/16781/performance_data/4915/normalized_daily?duration=30d";"1";"host427";"2025-07-03 00:00:00";"host427";"2025-07-03 00:00:00"
882;378;"memory";"host428";"/api/device/16781/performance_data/4919/normalized_daily?duration=30d";"1";"host428";"2025-07-03 00:00:00";"host428";"2025-07-03 00:00:00"
883;379;"memory";"host429";"/api/device/16781/vitals/fs5771892/normalized_daily?duration=30d";"1";"host429";"2025-07-03 00:00:00";"host429";"2025-07-03 00:00:00"
884;380;"memory";"host430";"/api/device/16781/vitals/fs5771894/normalized_daily?duration=30d";"1";"host430";"2025-07-03 00:00:00";"host430";"2025-07-03 00:00:00"
885;381;"memory";"host431";"/api/device/16781/vitals/fs5771895/normalized_daily?duration=30d";"1";"host431";"2025-07-03 00:00:00";"host431";"2025-07-03 00:00:00"
886;382;"memory";"host432";"/api/device/16781/vitals/fs5771896/normalized_daily?duration=30d";"1";"host432";"2025-07-03 00:00:00";"host432";"2025-07-03 00:00:00"
887;383;"memory";"host433";"/api/device/16781/vitals/fs5771898/normalized_daily?duration=30d";"1";"host433";"2025-07-03 00:00:00";"host433";"2025-07-03 00:00:00"
888;384;"memory";"host434";"/api/device/16781/vitals/fs5771899/normalized_daily?duration=30d";"1";"host434";"2025-07-03 00:00:00";"host434";"2025-07-03 00:00:00"
889;385;"memory";"host435";"/api/device/16781/vitals/fs5771900/normalized_daily?duration=30d";"1";"host435";"2025-07-03 00:00:00";"host435";"2025-07-03 00:00:00"
890;386;"memory";"host436";"/api/device/16781/vitals/fs5771901/normalized_daily?duration=30d";"1";"host436";"2025-07-03 00:00:00";"host436";"2025-07-03 00:00:00"
891;387;"memory";"host437";"/api/device/16781/vitals/fs5771902/normalized_daily?duration=30d";"1";"host437";"2025-07-03 00:00:00";"host437";"2025-07-03 00:00:00"
892;388;"memory";"host438";"/api/device/16781/vitals/fs5771903/normalized_daily?duration=30d";"1";"host438";"2025-07-03 00:00:00";"host438";"2025-07-03 00:00:00"
893;389;"memory";"host439";"/api/device/16781/vitals/fs5771904/normalized_daily?duration=30d";"1";"host439";"2025-07-04 00:00:00";"host439";"2025-07-04 00:00:00"
894;390;"memory";"host440";"/api/device/16785/performance_data/4915/normalized_daily?duration=30d";"1";"host440";"2025-07-04 00:00:00";"host440";"2025-07-04 00:00:00"
895;391;"memory";"host441";"/api/device/16785/performance_data/4919/normalized_daily?duration=30d";"1";"host441";"2025-07-04 00:00:00";"host441";"2025-07-04 00:00:00"
896;392;"memory";"host442";"/api/device/16785/vitals/fs5196391/normalized_daily?duration=30d";"1";"host442";"2025-07-04 00:00:00";"host442";"2025-07-04 00:00:00"
897;393;"memory";"host443";"/api/device/16785/vitals/fs5196402/normalized_daily?duration=30d";"1";"host443";"2025-07-04 00:00:00";"host443";"2025-07-04 00:00:00"
898;394;"memory";"host444";"/api/device/16788/performance_data/4915/normalized_daily?duration=30d";"1";"host444";"2025-07-04 00:00:00";"host444";"2025-07-04 00:00:00"
899;395;"memory";"host445";"/api/device/16788/performance_data/4919/normalized_daily?duration=30d";"1";"host445";"2025-07-04 00:00:00";"host445";"2025-07-04 00:00:00"
900;396;"memory";"host446";"/api/device/16788/vitals/fs5199192/normalized_daily?duration=30d";"1";"host446";"2025-07-04 00:00:00";"host446";"2025-07-04 00:00:00"
901;397;"memory";"host447";"/api/device/16788/vitals/fs5199200/normalized_daily?duration=30d";"1";"host447";"2025-07-04 00:00:00";"host447";"2025-07-04 00:00:00"
902;398;"memory";"host448";"/api/device/16818/performance_data/4915/normalized_daily?duration=30d";"1";"host448";"2025-07-04 00:00:00";"host448";"2025-07-04 00:00:00"
903;399;"memory";"host449";"/api/device/16818/performance_data/4919/normalized_daily?duration=30d";"1";"host449";"2025-07-04 00:00:00";"host449";"2025-07-04 00:00:00"
904;400;"memory";"host450";"/api/device/16818/vitals/fs5199027/normalized_daily?duration=30d";"1";"host450";"2025-07-04 00:00:00";"host450";"2025-07-04 00:00:00"
905;401;"memory";"host451";"/api/device/16818/vitals/fs5199040/normalized_daily?duration=30d";"1";"host451";"2025-07-04 00:00:00";"host451";"2025-07-04 00:00:00"
906;402;"memory";"host452";"/api/device/16818/vitals/fs5199045/normalized_daily?duration=30d";"1";"host452";"2025-07-04 00:00:00";"host452";"2025-07-04 00:00:00"
907;403;"memory";"host453";"/api/device/16818/vitals/fs5199061/normalized_daily?duration=30d";"1";"host453";"2025-07-04 00:00:00";"host453";"2025-07-04 00:00:00"
908;404;"memory";"host454";"/api/device/16818/vitals/fs5199066/normalized_daily?duration=30d";"1";"host454";"2025-07-05 00:00:00";"host454";"2025-07-05 00:00:00"
909;405;"memory";"host455";"/api/device/16818/vitals/fs5199071/normalized_daily?duration=30d";"1";"host455";"2025-07-05 00:00:00";"host455";"2025-07-05 00:00:00"
910;406;"memory";"host456";"/api/device/16822/performance_data/4915/normalized_daily?duration=30d";"1";"host456";"2025-07-05 00:00:00";"host456";"2025-07-05 00:00:00"
911;407;"memory";"host457";"/api/device/16822/performance_data/4919/normalized_daily?duration=30d";"1";"host457";"2025-07-05 00:00:00";"host457";"2025-07-05 00:00:00"
912;408;"memory";"host458";"/api/device/16842/performance_data/4915/normalized_daily?duration=30d";"1";"host458";"2025-07-05 00:00:00";"host458";"2025-07-05 00:00:00"
913;409;"memory";"host459";"/api/device/16842/performance_data/4919/normalized_daily?duration=30d";"1";"host459";"2025-07-05 00:00:00";"host459";"2025-07-05 00:00:00"
914;410;"memory";"host460";"/api/device/16842/vitals/fs5196209/normalized_daily?duration=30d";"1";"host460";"2025-07-05 00:00:00";"host460";"2025-07-05 00:00:00"
915;411;"memory";"host461";"/api/device/16842/vitals/fs5196213/normalized_daily?duration=30d";"1";"host461";"2025-07-05 00:00:00";"host461";"2025-07-05 00:00:00"
916;412;"memory";"host462";"/api/device/16857/performance_data/4915/normalized_daily?duration=30d";"1";"host462";"2025-07-05 00:00:00";"host462";"2025-07-05 00:00:00"
917;413;"memory";"host463";"/api/device/16857/performance_data/4919/normalized_daily?duration=30d";"1";"host463";"2025-07-05 00:00:00";"host463";"2025-07-05 00:00:00"
918;414;"memory";"host464";"/api/device/16857/vitals/fs9390349/normalized_daily?duration=30d";"1";"host464";"2025-07-05 00:00:00";"host464";"2025-07-05 00:00:00"
919;415;"memory";"host465";"/api/device/16858/performance_data/4915/normalized_daily?duration=30d";"1";"host465";"2025-07-05 00:00:00";"host465";"2025-07-05 00:00:00"
920;416;"memory";"host466";"/api/device/16858/performance_data/4919/normalized_daily?duration=30d";"1";"host466";"2025-07-05 00:00:00";"host466";"2025-07-05 00:00:00"
921;417;"memory";"host467";"/api/device/16858/vitals/fs5197976/normalized_daily?duration=30d";"1";"host467";"2025-07-05 00:00:00";"host467";"2025-07-05 00:00:00"
922;418;"memory";"host468";"/api/device/16858/vitals/fs5197981/normalized_daily?duration=30d";"1";"host468";"2025-07-05 00:00:00";"host468";"2025-07-05 00:00:00"
923;419;"memory";"host469";"/api/device/16858/vitals/fs5197990/normalized_daily?duration=30d";"1";"host469";"2025-07-06 00:00:00";"host469";"2025-07-06 00:00:00"
924;420;"memory";"host470";"/api/device/16858/vitals/fs5197992/normalized_daily?duration=30d";"1";"host470";"2025-07-06 00:00:00";"host470";"2025-07-06 00:00:00"
925;421;"memory";"host471";"/api/device/16858/vitals/fs5197995/normalized_daily?duration=30d";"1";"host471";"2025-07-06 00:00:00";"host471";"2025-07-06 00:00:00"
926;422;"memory";"host472";"/api/device/16883/performance_data/4915/normalized_daily?duration=30d";"1";"host472";"2025-07-06 00:00:00";"host472";"2025-07-06 00:00:00"
927;423;"memory";"host473";"/api/device/16883/performance_data/4919/normalized_daily?duration=30d";"1";"host473";"2025-07-06 00:00:00";"host473";"2025-07-06 00:00:00"
928;424;"memory";"host474";"/api/device/16883/vitals/fs5196684/normalized_daily?duration=30d";"1";"host474";"2025-07-06 00:00:00";"host474";"2025-07-06 00:00:00"
929;425;"memory";"host475";"/api/device/16883/vitals/fs5196686/normalized_daily?duration=30d";"1";"host475";"2025-07-06 00:00:00";"host475";"2025-07-06 00:00:00"
930;426;"memory";"host476";"/api/device/16883/vitals/fs5196687/normalized_daily?duration=30d";"1";"host476";"2025-07-06 00:00:00";"host476";"2025-07-06 00:00:00"
931;427;"memory";"host477";"/api/device/16883/vitals/fs5196690/normalized_daily?duration=30d";"1";"host477";"2025-07-06 00:00:00";"host477";"2025-07-06 00:00:00"
932;428;"memory";"host478";"/api/device/16883/vitals/fs5196695/normalized_daily?duration=30d";"1";"host478";"2025-07-06 00:00:00";"host478";"2025-07-06 00:00:00"
933;429;"memory";"host479";"/api/device/16910/performance_data/4915/normalized_daily?duration=30d";"1";"host479";"2025-07-06 00:00:00";"host479";"2025-07-06 00:00:00"
934;430;"memory";"host480";"/api/device/16910/performance_data/4919/normalized_daily?duration=30d";"1";"host480";"2025-07-06 00:00:00";"host480";"2025-07-06 00:00:00"
935;431;"memory";"host481";"/api/device/16910/vitals/fs5197754/normalized_daily?duration=30d";"1";"host481";"2025-07-06 00:00:00";"host481";"2025-07-06 00:00:00"
936;432;"memory";"host482";"/api/device/16910/vitals/fs5197758/normalized_daily?duration=30d";"1";"host482";"2025-07-06 00:00:00";"host482";"2025-07-06 00:00:00"
937;433;"memory";"host483";"/api/device/16917/performance_data/4915/normalized_daily?duration=30d";"1";"host483";"2025-07-06 00:00:00";"host483";"2025-07-06 00:00:00"
938;434;"memory";"host484";"/api/device/16917/performance_data/4919/normalized_daily?duration=30d";"1";"host484";"2025-07-07 00:00:00";"host484";"2025-07-07 00:00:00"
939;435;"memory";"host485";"/api/device/16917/vitals/fs5198563/normalized_daily?duration=30d";"1";"host485";"2025-07-07 00:00:00";"host485";"2025-07-07 00:00:00"
940;436;"memory";"host486";"/api/device/16917/vitals/fs5198568/normalized_daily?duration=30d";"1";"host486";"2025-07-07 00:00:00";"host486";"2025-07-07 00:00:00"
941;437;"memory";"host487";"/api/device/16917/vitals/fs5198575/normalized_daily?duration=30d";"1";"host487";"2025-07-07 00:00:00";"host487";"2025-07-07 00:00:00"
942;438;"memory";"host488";"/api/device/16917/vitals/fs5198578/normalized_daily?duration=30d";"1";"host488";"2025-07-07 00:00:00";"host488";"2025-07-07 00:00:00"
943;439;"memory";"host489";"/api/device/16917/vitals/fs5198581/normalized_daily?duration=30d";"1";"host489";"2025-07-07 00:00:00";"host489";"2025-07-07 00:00:00"
944;440;"memory";"host490";"/api/device/16933/performance_data/4915/normalized_daily?duration=30d";"1";"host490";"2025-07-07 00:00:00";"host490";"2025-07-07 00:00:00"
945;441;"memory";"host491";"/api/device/16933/performance_data/4919/normalized_daily?duration=30d";"1";"host491";"2025-07-07 00:00:00";"host491";"2025-07-07 00:00:00"
946;442;"memory";"host492";"/api/device/16933/vitals/fs5199432/normalized_daily?duration=30d";"1";"host492";"2025-07-07 00:00:00";"host492";"2025-07-07 00:00:00"
947;443;"memory";"host493";"/api/device/16933/vitals/fs5199442/normalized_daily?duration=30d";"1";"host493";"2025-07-07 00:00:00";"host493";"2025-07-07 00:00:00"
948;444;"memory";"host494";"/api/device/16952/performance_data/4915/normalized_daily?duration=30d";"1";"host494";"2025-07-07 00:00:00";"host494";"2025-07-07 00:00:00"
949;445;"memory";"host495";"/api/device/16952/performance_data/4919/normalized_daily?duration=30d";"1";"host495";"2025-07-07 00:00:00";"host495";"2025-07-07 00:00:00"
950;446;"memory";"host496";"/api/device/16952/vitals/fs5260323/normalized_daily?duration=30d";"1";"host496";"2025-07-07 00:00:00";"host496";"2025-07-07 00:00:00"
951;447;"memory";"host497";"/api/device/16952/vitals/fs5260334/normalized_daily?duration=30d";"1";"host497";"2025-07-07 00:00:00";"host497";"2025-07-07 00:00:00"
952;448;"memory";"host498";"/api/device/16952/vitals/fs5260337/normalized_daily?duration=30d";"1";"host498";"2025-07-07 00:00:00";"host498";"2025-07-07 00:00:00"
953;449;"memory";"host499";"/api/device/16957/performance_data/4915/normalized_daily?duration=30d";"1";"host499";"2025-07-08 00:00:00";"host499";"2025-07-08 00:00:00"
954;450;"memory";"host500";"/api/device/16957/performance_data/4919/normalized_daily?duration=30d";"1";"host500";"2025-07-08 00:00:00";"host500";"2025-07-08 00:00:00"
955;451;"memory";"host501";"/api/device/16957/vitals/fs5259815/normalized_daily?duration=30d";"1";"host501";"2025-07-08 00:00:00";"host501";"2025-07-08 00:00:00"
956;452;"memory";"host502";"/api/device/16957/vitals/fs5259816/normalized_daily?duration=30d";"1";"host502";"2025-07-08 00:00:00";"host502";"2025-07-08 00:00:00"
957;453;"memory";"host503";"/api/device/16957/vitals/fs5259817/normalized_daily?duration=30d";"1";"host503";"2025-07-08 00:00:00";"host503";"2025-07-08 00:00:00"
958;454;"memory";"host504";"/api/device/16957/vitals/fs5259818/normalized_daily?duration=30d";"1";"host504";"2025-07-08 00:00:00";"host504";"2025-07-08 00:00:00"
959;455;"memory";"host505";"/api/device/16957/vitals/fs5259819/normalized_daily?duration=30d";"1";"host505";"2025-07-08 00:00:00";"host505";"2025-07-08 00:00:00"
960;456;"memory";"host506";"/api/device/16957/vitals/fs5259820/normalized_daily?duration=30d";"1";"host506";"2025-07-08 00:00:00";"host506";"2025-07-08 00:00:00"
961;457;"memory";"host507";"/api/device/16957/vitals/fs5259823/normalized_daily?duration=30d";"1";"host507";"2025-07-08 00:00:00";"host507";"2025-07-08 00:00:00"
962;458;"memory";"host508";"/api/device/16961/performance_data/4915/normalized_daily?duration=30d";"1";"host508";"2025-07-08 00:00:00";"host508";"2025-07-08 00:00:00"
963;459;"memory";"host509";"/api/device/16961/performance_data/4919/normalized_daily?duration=30d";"1";"host509";"2025-07-08 00:00:00";"host509";"2025-07-08 00:00:00"
964;460;"memory";"host510";"/api/device/16961/vitals/fs5198303/normalized_daily?duration=30d";"1";"host510";"2025-07-08 00:00:00";"host510";"2025-07-08 00:00:00"
965;461;"memory";"host511";"/api/device/16961/vitals/fs5198315/normalized_daily?duration=30d";"1";"host511";"2025-07-08 00:00:00";"host511";"2025-07-08 00:00:00"
966;462;"memory";"host512";"/api/device/16961/vitals/fs5198320/normalized_daily?duration=30d";"1";"host512";"2025-07-08 00:00:00";"host512";"2025-07-08 00:00:00"
967;463;"memory";"host513";"/api/device/16961/vitals/fs5198325/normalized_daily?duration=30d";"1";"host513";"2025-07-08 00:00:00";"host513";"2025-07-08 00:00:00"
968;464;"memory";"host514";"/api/device/16961/vitals/fs5198329/normalized_daily?duration=30d";"1";"host514";"2025-07-09 00:00:00";"host514";"2025-07-09 00:00:00"
969;465;"memory";"host515";"/api/device/16961/vitals/fs5198331/normalized_daily?duration=30d";"1";"host515";"2025-07-09 00:00:00";"host515";"2025-07-09 00:00:00"
970;466;"memory";"host516";"/api/device/16963/performance_data/4915/normalized_daily?duration=30d";"1";"host516";"2025-07-09 00:00:00";"host516";"2025-07-09 00:00:00"
971;467;"memory";"host517";"/api/device/16963/performance_data/4919/normalized_daily?duration=30d";"1";"host517";"2025-07-09 00:00:00";"host517";"2025-07-09 00:00:00"
972;468;"memory";"host518";"/api/device/16963/vitals/fs5260507/normalized_daily?duration=30d";"1";"host518";"2025-07-09 00:00:00";"host518";"2025-07-09 00:00:00"
973;469;"memory";"host519";"/api/device/16963/vitals/fs5260515/normalized_daily?duration=30d";"1";"host519";"2025-07-09 00:00:00";"host519";"2025-07-09 00:00:00"
974;470;"memory";"host520";"/api/device/16963/vitals/fs5260517/normalized_daily?duration=30d";"1";"host520";"2025-07-09 00:00:00";"host520";"2025-07-09 00:00:00"
975;471;"memory";"host521";"/api/device/16963/vitals/fs5260518/normalized_daily?duration=30d";"1";"host521";"2025-07-09 00:00:00";"host521";"2025-07-09 00:00:00"
976;472;"memory";"host522";"/api/device/16963/vitals/fs5260519/normalized_daily?duration=30d";"1";"host522";"2025-07-09 00:00:00";"host522";"2025-07-09 00:00:00"
977;473;"memory";"host523";"/api/device/16963/vitals/fs5260520/normalized_daily?duration=30d";"1";"host523";"2025-07-09 00:00:00";"host523";"2025-07-09 00:00:00"
978;474;"memory";"host524";"/api/device/16963/vitals/fs5260521/normalized_daily?duration=30d";"1";"host524";"2025-07-09 00:00:00";"host524";"2025-07-09 00:00:00"
979;475;"memory";"host525";"/api/device/16963/vitals/fs5260522/normalized_daily?duration=30d";"1";"host525";"2025-07-09 00:00:00";"host525";"2025-07-09 00:00:00"
980;476;"memory";"host526";"/api/device/16981/performance_data/4915/normalized_daily?duration=30d";"1";"host526";"2025-07-09 00:00:00";"host526";"2025-07-09 00:00:00"
981;477;"memory";"host527";"/api/device/16981/performance_data/4919/normalized_daily?duration=30d";"1";"host527";"2025-07-09 00:00:00";"host527";"2025-07-09 00:00:00"
982;478;"memory";"host528";"/api/device/16981/vitals/fs5198514/normalized_daily?duration=30d";"1";"host528";"2025-07-09 00:00:00";"host528";"2025-07-09 00:00:00"
983;479;"memory";"host529";"/api/device/16981/vitals/fs5198517/normalized_daily?duration=30d";"1";"host529";"2025-07-10 00:00:00";"host529";"2025-07-10 00:00:00"
984;480;"memory";"host530";"/api/device/16981/vitals/fs5198519/normalized_daily?duration=30d";"1";"host530";"2025-07-10 00:00:00";"host530";"2025-07-10 00:00:00"
985;481;"memory";"host531";"/api/device/16984/performance_data/4915/normalized_daily?duration=30d";"1";"host531";"2025-07-10 00:00:00";"host531";"2025-07-10 00:00:00"
986;482;"memory";"host532";"/api/device/16984/performance_data/4919/normalized_daily?duration=30d";"1";"host532";"2025-07-10 00:00:00";"host532";"2025-07-10 00:00:00"
987;483;"memory";"host533";"/api/device/16984/vitals/fs5198153/normalized_daily?duration=30d";"1";"host533";"2025-07-10 00:00:00";"host533";"2025-07-10 00:00:00"
988;484;"memory";"host534";"/api/device/16994/performance_data/4915/normalized_daily?duration=30d";"1";"host534";"2025-07-10 00:00:00";"host534";"2025-07-10 00:00:00"
989;485;"memory";"host535";"/api/device/16994/performance_data/4919/normalized_daily?duration=30d";"1";"host535";"2025-07-10 00:00:00";"host535";"2025-07-10 00:00:00"
990;486;"memory";"host536";"/api/device/16994/vitals/fs5259621/normalized_daily?duration=30d";"1";"host536";"2025-07-10 00:00:00";"host536";"2025-07-10 00:00:00"
991;487;"memory";"host537";"/api/device/16994/vitals/fs5259627/normalized_daily?duration=30d";"1";"host537";"2025-07-10 00:00:00";"host537";"2025-07-10 00:00:00"
992;488;"memory";"host538";"/api/device/16994/vitals/fs5259629/normalized_daily?duration=30d";"1";"host538";"2025-07-10 00:00:00";"host538";"2025-07-10 00:00:00"
993;489;"memory";"host539";"/api/device/16994/vitals/fs18173411/normalized_daily?duration=30d";"1";"host539";"2025-07-10 00:00:00";"host539";"2025-07-10 00:00:00"
994;490;"memory";"host540";"/api/device/16994/vitals/fs18387363/normalized_daily?duration=30d";"1";"host540";"2025-07-10 00:00:00";"host540";"2025-07-10 00:00:00"
995;491;"memory";"host541";"/api/device/17010/performance_data/4915/normalized_daily?duration=30d";"1";"host541";"2025-07-10 00:00:00";"host541";"2025-07-10 00:00:00"
996;492;"memory";"host542";"/api/device/17010/performance_data/4919/normalized_daily?duration=30d";"1";"host542";"2025-07-10 00:00:00";"host542";"2025-07-10 00:00:00"
997;493;"memory";"host543";"/api/device/17010/vitals/fs5259618/normalized_daily?duration=30d";"1";"host543";"2025-07-10 00:00:00";"host543";"2025-07-10 00:00:00"
998;494;"memory";"host544";"/api/device/17010/vitals/fs5259623/normalized_daily?duration=30d";"1";"host544";"2025-07-11 00:00:00";"host544";"2025-07-11 00:00:00"
999;495;"memory";"host545";"/api/device/17010/vitals/fs5259626/normalized_daily?duration=30d";"1";"host545";"2025-07-11 00:00:00";"host545";"2025-07-11 00:00:00"
1000;496;"memory";"host546";"/api/device/17010/vitals/fs5259628/normalized_daily?duration=30d";"1";"host546";"2025-07-11 00:00:00";"host546";"2025-07-11 00:00:00"
1001;497;"memory";"host547";"/api/device/17070/performance_data/4915/normalized_daily?duration=30d";"1";"host547";"2025-07-11 00:00:00";"host547";"2025-07-11 00:00:00"
1002;498;"memory";"host548";"/api/device/17070/performance_data/4919/normalized_daily?duration=30d";"1";"host548";"2025-07-11 00:00:00";"host548";"2025-07-11 00:00:00"
1003;499;"memory";"host549";"/api/device/17070/vitals/fs5198203/normalized_daily?duration=30d";"1";"host549";"2025-07-11 00:00:00";"host549";"2025-07-11 00:00:00"
1004;500;"memory";"host550";"/api/device/17070/vitals/fs5198213/normalized_daily?duration=30d";"1";"host550";"2025-07-11 00:00:00";"host550";"2025-07-11 00:00:00"
1005;501;"memory";"host551";"/api/device/17070/vitals/fs5198232/normalized_daily?duration=30d";"1";"host551";"2025-07-11 00:00:00";"host551";"2025-07-11 00:00:00"
1006;502;"memory";"host552";"/api/device/17070/vitals/fs5198237/normalized_daily?duration=30d";"1";"host552";"2025-07-11 00:00:00";"host552";"2025-07-11 00:00:00"
1007;503;"memory";"host553";"/api/device/17076/performance_data/4915/normalized_daily?duration=30d";"1";"host553";"2025-07-11 00:00:00";"host553";"2025-07-11 00:00:00"
1008;504;"memory";"host554";"/api/device/17076/performance_data/4919/normalized_daily?duration=30d";"1";"host554";"2025-07-11 00:00:00";"host554";"2025-07-11 00:00:00"
